{"credit":"MadewithBlockbench","texture_size":[64,64],"textures":{"0":"elitecreatures:nightclub_furniture_v1/nightclub_light","particle":"elitecreatures:nightclub_furniture_v1/nightclub_light"},"elements":[{"from":[-14,24,8],"to":[14,26,10],"rotation":{"angle":0,"axis":"y","origin":[0,-6,0]},"faces":{"north":{"uv":[0,0,7,0.5],"texture":"#0"},"south":{"uv":[0,0,7,0.5],"texture":"#0"},"up":{"uv":[7,0.5,0,0],"texture":"#0"},"down":{"uv":[7,0,0,0.5],"texture":"#0"}}},{"from":[14,24,8],"to":[16,32,10],"rotation":{"angle":0,"axis":"y","origin":[0,-6,0]},"faces":{"north":{"uv":[2.5,1.5,2,3.5],"texture":"#0"},"east":{"uv":[2.5,1.5,3,3.5],"texture":"#0"},"south":{"uv":[2,1.5,2.5,3.5],"texture":"#0"},"west":{"uv":[2,1.5,2.5,3.5],"texture":"#0"},"up":{"uv":[2,2,1.5,1.5],"texture":"#0"},"down":{"uv":[2,1.5,1.5,2],"texture":"#0"}}},{"from":[-16,24,8],"to":[-14,32,10],"rotation":{"angle":0,"axis":"y","origin":[0,-6,0]},"faces":{"north":{"uv":[2,1.5,2.5,3.5],"texture":"#0"},"east":{"uv":[2,1.5,2.5,3.5],"texture":"#0"},"south":{"uv":[2.5,1.5,2,3.5],"texture":"#0"},"west":{"uv":[2.5,1.5,3,3.5],"texture":"#0"},"up":{"uv":[2,2,1.5,1.5],"texture":"#0"},"down":{"uv":[2,1.5,1.5,2],"texture":"#0"}}},{"from":[-15,20,-1],"to":[-11,26,3],"rotation":{"angle":45,"axis":"x","origin":[-1,15,2]},"faces":{"north":{"uv":[0,2,1,3.5],"texture":"#0"},"east":{"uv":[0,2,1,3.5],"texture":"#0"},"south":{"uv":[0,2,1,3.5],"texture":"#0"},"west":{"uv":[0,2,1,3.5],"texture":"#0"},"up":{"uv":[2,2,1,3],"texture":"#0"},"down":{"uv":[3,0.5,2,1.5],"texture":"#0"}}},{"from":[11,20,-1],"to":[15,26,3],"rotation":{"angle":45,"axis":"x","origin":[-1,15,2]},"faces":{"north":{"uv":[0,2,1,3.5],"texture":"#0"},"east":{"uv":[0,2,1,3.5],"texture":"#0"},"south":{"uv":[0,2,1,3.5],"texture":"#0"},"west":{"uv":[0,2,1,3.5],"texture":"#0"},"up":{"uv":[2,2,1,3],"texture":"#0"},"down":{"uv":[1,0.5,0,1.5],"texture":"#0"}}},{"from":[-2,20,-1],"to":[2,26,3],"rotation":{"angle":45,"axis":"x","origin":[-1,15,2]},"faces":{"north":{"uv":[0,2,1,3.5],"texture":"#0"},"east":{"uv":[0,2,1,3.5],"texture":"#0"},"south":{"uv":[0,2,1,3.5],"texture":"#0"},"west":{"uv":[0,2,1,3.5],"texture":"#0"},"up":{"uv":[2,2,1,3],"texture":"#0"},"down":{"uv":[2,0.5,1,1.5],"texture":"#0"}}},{"from":[-8,19,14],"to":[-4,25,18],"rotation":{"angle":-45,"axis":"x","origin":[-1,15,14]},"faces":{"north":{"uv":[0,2,1,3.5],"texture":"#0"},"east":{"uv":[0,2,1,3.5],"texture":"#0"},"south":{"uv":[0,2,1,3.5],"texture":"#0"},"west":{"uv":[0,2,1,3.5],"texture":"#0"},"up":{"uv":[2,3,1,2],"texture":"#0"},"down":{"uv":[5,0.5,4,1.5],"texture":"#0"}}},{"from":[4,19,14],"to":[8,25,18],"rotation":{"angle":-45,"axis":"x","origin":[-1,15,14]},"faces":{"north":{"uv":[0,2,1,3.5],"texture":"#0"},"east":{"uv":[0,2,1,3.5],"texture":"#0"},"south":{"uv":[0,2,1,3.5],"texture":"#0"},"west":{"uv":[0,2,1,3.5],"texture":"#0"},"up":{"uv":[2,3,1,2],"texture":"#0"},"down":{"uv":[4,0.5,3,1.5],"texture":"#0"}}}],"gui_light":"front","display":{"thirdperson_righthand":{"rotation":[67.5,0,0],"translation":[1.5,-1.25,-3.5],"scale":[0.22383,0.22383,0.22383]},"thirdperson_lefthand":{"rotation":[67.5,0,0],"translation":[-1.75,-1.25,-3.5],"scale":[0.22383,0.22383,0.22383]},"firstperson_righthand":{"rotation":[-180,0,-180],"translation":[-2.62,-0.3,2.63],"scale":[0.29328,0.29328,0.29328]},"firstperson_lefthand":{"rotation":[-180,0,-180],"translation":[2.38,-0.3,2.63],"scale":[0.29328,0.29328,0.29328]},"ground":{"translation":[3.5,2,0],"scale":[0.5,0.5,0.5]},"gui":{"rotation":[30,45,0],"translation":[3,-5.75,0],"scale":[0.4832,0.4832,0.4832]},"head":{"translation":[7.5,-26,0],"scale":[0,0,0]},"fixed":{"rotation":[90,0,0],"translation":[0,1.5,-48],"scale":[2,2,2]}}}