{"credit":"MadewithBlockbench","texture_size":[32,32],"textures":{"0":"elitecreatures:airport_furniture_v1/airport_chair_single","particle":"elitecreatures:airport_furniture_v1/airport_chair_single"},"elements":[{"from":[3,6,3],"to":[13,8,13],"faces":{"north":{"uv":[11,0,16,1],"texture":"#0"},"east":{"uv":[11,0,16,1],"texture":"#0"},"south":{"uv":[11,0,16,1],"texture":"#0"},"west":{"uv":[11,0,16,1],"texture":"#0"},"up":{"uv":[5,5,0,0],"texture":"#0"},"down":{"uv":[5,5,0,10],"texture":"#0"}}},{"from":[7,7,12],"to":[9,15,14],"faces":{"north":{"uv":[11,2,12,6],"texture":"#0"},"east":{"uv":[11,2,12,6],"texture":"#0"},"south":{"uv":[11,2,12,6],"texture":"#0"},"west":{"uv":[11,2,12,6],"texture":"#0"},"up":{"uv":[11,1,10,0],"texture":"#0"},"down":{"uv":[11,0,10,1],"texture":"#0"}}},{"from":[7,3,7],"to":[9,6,9],"faces":{"north":{"uv":[12,3,13,4.5],"texture":"#0"},"east":{"uv":[12,3,13,4.5],"texture":"#0"},"south":{"uv":[12,3,13,4.5],"texture":"#0"},"west":{"uv":[12,3,13,4.5],"texture":"#0"},"up":{"uv":[13,3,12,2],"texture":"#0"},"down":{"uv":[13,2,12,3],"texture":"#0"}}},{"from":[10.5,0,4],"to":[11.5,2,6],"rotation":{"angle":-22.5,"axis":"y","origin":[11,1,5]},"faces":{"north":{"uv":[13,3.5,13.5,4.5],"texture":"#0"},"east":{"uv":[13,2.5,14,3.5],"texture":"#0"},"south":{"uv":[13,3.5,13.5,4.5],"texture":"#0"},"west":{"uv":[13,2.5,14,3.5],"texture":"#0"},"up":{"uv":[13.5,4.5,13,3.5],"texture":"#0"},"down":{"uv":[13.5,3.5,13,4.5],"texture":"#0"}}},{"from":[4.5,0,4],"to":[5.5,2,6],"rotation":{"angle":22.5,"axis":"y","origin":[5,1,5]},"faces":{"north":{"uv":[13,3.5,13.5,4.5],"texture":"#0"},"east":{"uv":[13,2.5,14,3.5],"texture":"#0"},"south":{"uv":[13,3.5,13.5,4.5],"texture":"#0"},"west":{"uv":[13,2.5,14,3.5],"texture":"#0"},"up":{"uv":[13.5,4.5,13,3.5],"texture":"#0"},"down":{"uv":[13.5,3.5,13,4.5],"texture":"#0"}}},{"from":[4.5,0,10],"to":[5.5,2,12],"rotation":{"angle":-22.5,"axis":"y","origin":[5,1,11]},"faces":{"north":{"uv":[13,3.5,13.5,4.5],"texture":"#0"},"east":{"uv":[13,2.5,14,3.5],"texture":"#0"},"south":{"uv":[13,3.5,13.5,4.5],"texture":"#0"},"west":{"uv":[13,2.5,14,3.5],"texture":"#0"},"up":{"uv":[13.5,4.5,13,3.5],"texture":"#0"},"down":{"uv":[13.5,3.5,13,4.5],"texture":"#0"}}},{"from":[10.5,0,10],"to":[11.5,2,12],"rotation":{"angle":22.5,"axis":"y","origin":[11,1,11]},"faces":{"north":{"uv":[13,3.5,13.5,4.5],"texture":"#0"},"east":{"uv":[13,2.5,14,3.5],"texture":"#0"},"south":{"uv":[13,3.5,13.5,4.5],"texture":"#0"},"west":{"uv":[13,2.5,14,3.5],"texture":"#0"},"up":{"uv":[13.5,4.5,13,3.5],"texture":"#0"},"down":{"uv":[13.5,3.5,13,4.5],"texture":"#0"}}},{"from":[3,2,7],"to":[13,3,9],"rotation":{"angle":45,"axis":"y","origin":[8,2.5,8]},"faces":{"north":{"uv":[10,6,15,6.5],"texture":"#0"},"east":{"uv":[13,2,14,2.5],"texture":"#0"},"south":{"uv":[10,6,15,6.5],"texture":"#0"},"west":{"uv":[13,2,14,2.5],"texture":"#0"},"up":{"uv":[15,7.5,10,6.5],"texture":"#0"},"down":{"uv":[15,6.5,10,7.5],"texture":"#0"}}},{"from":[3,2,7],"to":[13,3,9],"rotation":{"angle":-45,"axis":"y","origin":[8,2.5,8]},"faces":{"north":{"uv":[10,6,15,6.5],"texture":"#0"},"east":{"uv":[13,2,14,2.5],"texture":"#0"},"south":{"uv":[10,6,15,6.5],"texture":"#0"},"west":{"uv":[13,2,14,2.5],"texture":"#0"},"up":{"uv":[15,7.5,10,6.5],"texture":"#0"},"down":{"uv":[15,6.5,10,7.5],"texture":"#0"}}},{"from":[3,10,11],"to":[13,20,13],"rotation":{"angle":0,"axis":"y","origin":[8,15,12]},"faces":{"north":{"uv":[5,0,10,5],"texture":"#0"},"east":{"uv":[10,1,11,6],"texture":"#0"},"south":{"uv":[5,5,10,10],"texture":"#0"},"west":{"uv":[10,1,11,6],"texture":"#0"},"up":{"uv":[16,2,11,1],"texture":"#0"},"down":{"uv":[16,1,11,2],"texture":"#0"}}}],"gui_light":"front","display":{"thirdperson_righthand":{"rotation":[67.5,0,0],"translation":[0,2,1.25],"scale":[0.3957,0.3957,0.3957]},"thirdperson_lefthand":{"rotation":[67.5,0,0],"translation":[0,2,1.25],"scale":[0.3957,0.3957,0.3957]},"firstperson_righthand":{"translation":[-1.25,3.5,0],"scale":[0.62891,0.62891,0.62891]},"firstperson_lefthand":{"translation":[-1.25,3.5,0],"scale":[0.62891,0.62891,0.62891]},"ground":{"translation":[0,2,0],"scale":[0.5,0.5,0.5]},"gui":{"rotation":[30,225,0],"translation":[0.25,-1.5,0],"scale":[0.61727,0.61727,0.61727]},"head":{"rotation":[0,-180,0],"translation":[0,-27.25,0],"scale":[0,0,0]},"fixed":{"rotation":[-90,0,0],"translation":[0,0,-21.5],"scale":[2.7,2.7,2.7]}}}