{"credit":"MadewithBlockbench","texture_size":[64,64],"textures":{"0":"elitecreatures:airport_furniture_v1/airport_conveyor_belt","particle":"elitecreatures:airport_furniture_v1/airport_conveyor_belt"},"elements":[{"from":[2,0,0],"to":[14,12,16],"faces":{"north":{"uv":[7,0,10,3],"texture":"#0"},"east":{"uv":[0,0,4,3],"texture":"#0"},"south":{"uv":[7,0,10,3],"texture":"#0"},"west":{"uv":[0,0,4,3],"texture":"#0"},"up":{"uv":[7,4,4,0],"texture":"#0"},"down":{"uv":[7,4,4,8],"texture":"#0"}}},{"from":[14,2,0],"to":[16,13,16],"faces":{"north":{"uv":[7.5,3,8,5.75],"texture":"#0"},"east":{"uv":[0,3,4,5.75],"texture":"#0"},"south":{"uv":[7.5,3,8,5.75],"texture":"#0"},"west":{"uv":[0,3,4,5.75],"texture":"#0"},"up":{"uv":[7.5,7,7,3],"texture":"#0"},"down":{"uv":[7.5,3,7,7],"texture":"#0"}}},{"from":[0,2,0],"to":[2,13,16],"rotation":{"angle":0,"axis":"y","origin":[16,0,0]},"faces":{"north":{"uv":[8,3,7.5,5.75],"texture":"#0"},"east":{"uv":[4,3,0,5.75],"texture":"#0"},"south":{"uv":[8,3,7.5,5.75],"texture":"#0"},"west":{"uv":[4,3,0,5.75],"texture":"#0"},"up":{"uv":[7,7,7.5,3],"texture":"#0"},"down":{"uv":[7,3,7.5,7],"texture":"#0"}}}],"gui_light":"front","display":{"thirdperson_righthand":{"rotation":[67.5,0,0],"translation":[0,2,1.25],"scale":[0.28906,0.28906,0.28906]},"thirdperson_lefthand":{"rotation":[67.5,0,0],"translation":[0,2,1.25],"scale":[0.28906,0.28906,0.28906]},"firstperson_righthand":{"translation":[-0.12,3.45,1.13],"scale":[0.45539,0.45539,0.45539]},"firstperson_lefthand":{"translation":[-0.12,3.45,1.13],"scale":[0.45539,0.45539,0.45539]},"ground":{"translation":[0,2,0],"scale":[0.5,0.5,0.5]},"gui":{"rotation":[30,225,0],"translation":[0,0.25,0],"scale":[0.56773,0.56773,0.56773]},"head":{"translation":[0,-30.25,0],"scale":[0,0,0]},"fixed":{"rotation":[-90,0,0],"translation":[0,0,-16],"scale":[2,2,2]}}}