{"credit":"MadewithBlockbench","texture_size":[64,64],"textures":{"0":"elitecreatures:airport_furniture_v1/airport_luggage","particle":"elitecreatures:airport_furniture_v1/airport_luggage"},"elements":[{"from":[0,0,8],"to":[8,12,13],"rotation":{"angle":0,"axis":"y","origin":[2,0,-1]},"faces":{"north":{"uv":[0,0,2,3],"texture":"#0"},"east":{"uv":[5.25,0,4,3],"texture":"#0"},"south":{"uv":[0,0,2,3],"texture":"#0"},"west":{"uv":[4,0,5.25,3],"texture":"#0"},"up":{"uv":[7.25,1.25,5.25,0],"texture":"#0"},"down":{"uv":[7.25,1.25,5.25,2.5],"texture":"#0"}}},{"from":[7,0,1],"to":[15,12,6],"rotation":{"angle":-22.5,"axis":"y","origin":[10,6,3.5]},"faces":{"north":{"uv":[0,6,2,9],"texture":"#0"},"east":{"uv":[5.25,6,4,9],"texture":"#0"},"south":{"uv":[0,6,2,9],"texture":"#0"},"west":{"uv":[4,6,5.25,9],"texture":"#0"},"up":{"uv":[7.25,7.25,5.25,6],"texture":"#0"},"down":{"uv":[7.25,7.25,5.25,8.5],"texture":"#0"}}},{"from":[8,0,14],"to":[16,12,19],"rotation":{"angle":22.5,"axis":"y","origin":[10,6,14.5]},"faces":{"north":{"uv":[0,3,2,6],"texture":"#0"},"east":{"uv":[5.25,3,4,6],"texture":"#0"},"south":{"uv":[0,3,2,6],"texture":"#0"},"west":{"uv":[4,3,5.25,6],"texture":"#0"},"up":{"uv":[7.25,4.25,5.25,3],"texture":"#0"},"down":{"uv":[7.25,4.25,5.25,5.5],"texture":"#0"}}},{"from":[1,17,11],"to":[7,18,12],"rotation":{"angle":0,"axis":"y","origin":[2,0,-1]},"faces":{"north":{"uv":[5.5,2.5,7,2.75],"texture":"#0"},"east":{"uv":[5.25,2.5,5.5,2.75],"texture":"#0"},"south":{"uv":[5.5,2.5,7,2.75],"texture":"#0"},"west":{"uv":[5.25,2.5,5.5,2.75],"texture":"#0"},"up":{"uv":[7,2.75,5.5,2.5],"texture":"#0"},"down":{"uv":[7,2.5,5.5,2.75],"texture":"#0"}}},{"from":[7.5,12,2],"to":[13.5,13,3],"rotation":{"angle":-22.5,"axis":"y","origin":[4,17.5,3.5]},"faces":{"north":{"uv":[5.5,2.5,7,2.75],"texture":"#0"},"east":{"uv":[5.25,2.5,5.5,2.75],"texture":"#0"},"south":{"uv":[5.5,2.5,7,2.75],"texture":"#0"},"west":{"uv":[5.25,2.5,5.5,2.75],"texture":"#0"},"up":{"uv":[7,2.75,5.5,2.5],"texture":"#0"},"down":{"uv":[7,2.5,5.5,2.75],"texture":"#0"}}},{"from":[6,12,11],"to":[7,17,12],"rotation":{"angle":0,"axis":"y","origin":[2,0,-1]},"faces":{"north":{"uv":[7.25,0,7.5,1.25],"texture":"#0"},"east":{"uv":[7.25,0,7.5,1.25],"texture":"#0"},"south":{"uv":[7.25,0,7.5,1.25],"texture":"#0"},"west":{"uv":[7.25,0,7.5,1.25],"texture":"#0"}}},{"from":[1,12,11],"to":[2,17,12],"rotation":{"angle":0,"axis":"y","origin":[14,0,-1]},"faces":{"north":{"uv":[7.5,0,7.25,1.25],"texture":"#0"},"east":{"uv":[7.5,0,7.25,1.25],"texture":"#0"},"south":{"uv":[7.5,0,7.25,1.25],"texture":"#0"},"west":{"uv":[7.5,0,7.25,1.25],"texture":"#0"}}},{"from":[13,9,14.5],"to":[14,14,15.5],"rotation":{"angle":22.5,"axis":"y","origin":[11,16,11.5]},"faces":{"north":{"uv":[7.25,0,7.5,1.25],"texture":"#0"},"east":{"uv":[7.25,0,7.5,1.25],"texture":"#0"},"south":{"uv":[7.25,0,7.5,1.25],"texture":"#0"},"west":{"uv":[7.25,0,7.5,1.25],"texture":"#0"}}},{"from":[8,9,14.5],"to":[9,14,15.5],"rotation":{"angle":22.5,"axis":"y","origin":[11,16,11.5]},"faces":{"north":{"uv":[7.5,0,7.25,1.25],"texture":"#0"},"east":{"uv":[7.5,0,7.25,1.25],"texture":"#0"},"south":{"uv":[7.5,0,7.25,1.25],"texture":"#0"},"west":{"uv":[7.5,0,7.25,1.25],"texture":"#0"}}},{"from":[8,14,14.5],"to":[14,15,15.5],"rotation":{"angle":22.5,"axis":"y","origin":[11,16,11.5]},"faces":{"north":{"uv":[5.5,2.5,7,2.75],"texture":"#0"},"east":{"uv":[5.25,2.5,5.5,2.75],"texture":"#0"},"south":{"uv":[5.5,2.5,7,2.75],"texture":"#0"},"west":{"uv":[5.25,2.5,5.5,2.75],"texture":"#0"},"up":{"uv":[7,2.75,5.5,2.5],"texture":"#0"},"down":{"uv":[7,2.5,5.5,2.75],"texture":"#0"}}}],"gui_light":"front","display":{"thirdperson_righthand":{"rotation":[67.5,0,0],"translation":[0,2.75,1.75],"scale":[0.26875,0.26875,0.26875]},"thirdperson_lefthand":{"rotation":[67.5,0,0],"translation":[0,2.75,1.75],"scale":[0.26875,0.26875,0.26875]},"firstperson_righthand":{"rotation":[0,225,0],"translation":[0.25,3.25,0],"scale":[0.52891,0.52891,0.52891]},"firstperson_lefthand":{"rotation":[0,225,0],"translation":[0.25,3.25,0],"scale":[0.52891,0.52891,0.52891]},"ground":{"translation":[-0.25,2,-1],"scale":[0.5,0.5,0.5]},"gui":{"rotation":[30,225,0],"translation":[1.5,-0.5,0],"scale":[0.565,0.565,0.565]},"head":{"translation":[-0.75,-30.5,-3.75],"scale":[0,0,0]},"fixed":{"rotation":[-90,225,0],"translation":[5.5,0,-16],"scale":[2,2,2]}}}