{"credit":"MadewithBlockbench","texture_size":[32,32],"textures":{"0":"elitecreatures:airport_furniture_v1/airport_packing_box","particle":"elitecreatures:airport_furniture_v1/airport_packing_box"},"elements":[{"from":[1,0,3],"to":[15,2,12],"rotation":{"angle":0,"axis":"y","origin":[-6,0,5]},"faces":{"north":{"uv":[7,0,14,1],"texture":"#0"},"east":{"uv":[7,1,11.5,2],"texture":"#0"},"south":{"uv":[7,0,14,1],"texture":"#0"},"west":{"uv":[7,1,11.5,2],"texture":"#0"},"up":{"uv":[7,4.5,0,0],"texture":"#0"},"down":{"uv":[7,4.5,0,9],"texture":"#0"}}},{"from":[1,2,12],"to":[15,3,13],"rotation":{"angle":0,"axis":"y","origin":[-6,0,5]},"faces":{"north":{"uv":[7,2,14,2.5],"texture":"#0"},"south":{"uv":[7,2,14,2.5],"texture":"#0"},"up":{"uv":[14,2.5,7,2],"texture":"#0"},"down":{"uv":[14,2,7,2.5],"texture":"#0"}}},{"from":[1,2,2],"to":[15,3,3],"rotation":{"angle":0,"axis":"y","origin":[-6,0,11]},"faces":{"north":{"uv":[14,2,7,2.5],"texture":"#0"},"south":{"uv":[14,2,7,2.5],"texture":"#0"},"up":{"uv":[14,2,7,2.5],"texture":"#0"},"down":{"uv":[14,2.5,7,2],"texture":"#0"}}},{"from":[0,2,2],"to":[1,3,13],"rotation":{"angle":0,"axis":"y","origin":[-6,0,5]},"faces":{"north":{"uv":[7.5,3,8,3.5],"texture":"#0"},"east":{"uv":[7,2.5,12.5,3],"texture":"#0"},"south":{"uv":[7.5,3,8,3.5],"texture":"#0"},"west":{"uv":[7,2.5,12.5,3],"texture":"#0"},"up":{"uv":[7.5,8.5,7,3],"texture":"#0"},"down":{"uv":[7.5,3,7,8.5],"texture":"#0"}}},{"from":[15,2,2],"to":[16,3,13],"rotation":{"angle":0,"axis":"y","origin":[22,0,5]},"faces":{"north":{"uv":[8,3,7.5,3.5],"texture":"#0"},"east":{"uv":[12.5,2.5,7,3],"texture":"#0"},"south":{"uv":[8,3,7.5,3.5],"texture":"#0"},"west":{"uv":[12.5,2.5,7,3],"texture":"#0"},"up":{"uv":[7,8.5,7.5,3],"texture":"#0"},"down":{"uv":[7,3,7.5,8.5],"texture":"#0"}}},{"from":[10,2,3],"to":[15,9,12],"faces":{"north":{"uv":[13,2.5,15.5,6],"texture":"#0"},"east":{"uv":[8,7.5,12.5,11],"texture":"#0"},"south":{"uv":[15.5,2.5,13,6],"texture":"#0"},"west":{"uv":[8,7.5,12.5,11],"texture":"#0"},"up":{"uv":[10.5,3,13,7.5],"texture":"#0"},"down":{"uv":[8,3,10.5,7.5],"texture":"#0"}}},{"from":[1,2,4],"to":[4,8,12],"faces":{"north":{"uv":[1.5,12,0,15],"texture":"#0"},"east":{"uv":[0,9,4,12],"texture":"#0"},"south":{"uv":[0,12,1.5,15],"texture":"#0"},"west":{"uv":[0,9,4,12],"texture":"#0"},"up":{"uv":[5.5,9,7,13],"texture":"#0"},"down":{"uv":[4,9,5.5,13],"texture":"#0"}}},{"from":[4,2,6],"to":[7,7,11],"faces":{"north":{"uv":[7.5,11,9,13.5],"texture":"#0"},"east":{"uv":[9,11,11.5,13.5],"texture":"#0"},"south":{"uv":[9,11,7.5,13.5],"texture":"#0"},"west":{"uv":[9,11,11.5,13.5],"texture":"#0"},"up":{"uv":[8.5,13.5,10,16],"texture":"#0"},"down":{"uv":[10,13.5,11.5,16],"texture":"#0"}}},{"from":[7,2,3],"to":[10,8,10],"faces":{"north":{"uv":[11.5,11,13,14],"texture":"#0"},"east":{"uv":[12.5,7.5,16,10.5],"texture":"#0"},"south":{"uv":[11.5,11,13,14],"texture":"#0"},"west":{"uv":[12.5,7.5,16,10.5],"texture":"#0"},"up":{"uv":[13,10.5,14.5,14],"texture":"#0"},"down":{"uv":[14.5,10.5,16,14],"texture":"#0"}}}],"gui_light":"front","display":{"thirdperson_righthand":{"rotation":[67.5,0,0],"translation":[0,3,2],"scale":[0.38594,0.38594,0.38594]},"thirdperson_lefthand":{"rotation":[67.5,0,0],"translation":[0,3,2],"scale":[0.38594,0.38594,0.38594]},"firstperson_righthand":{"translation":[0,7,0],"scale":[0.69727,0.69727,0.69727]},"firstperson_lefthand":{"translation":[0,7,0],"scale":[0.69727,0.69727,0.69727]},"ground":{"translation":[0,2,0],"scale":[0.5,0.5,0.5]},"gui":{"rotation":[30,225,0],"translation":[-0.25,2.25,0],"scale":[0.71484,0.71484,0.71484]},"head":{"scale":[0,0,0]},"fixed":{"rotation":[-90,180,0],"translation":[0,-1,-16.25],"scale":[2,2,2]}}}