{"credit":"MadewithBlockbench","texture_size":[64,64],"textures":{"0":"elitecreatures:airport_furniture_v1/airport_sign_main_gate","particle":"elitecreatures:airport_furniture_v1/airport_sign_main_gate"},"elements":[{"from":[-16,13,7],"to":[32,25,9],"faces":{"north":{"uv":[0,0,12,3],"texture":"#0"},"east":{"uv":[0,3.5,0.5,6.5],"texture":"#0"},"south":{"uv":[0,0,12,3],"texture":"#0"},"west":{"uv":[0,3.5,0.5,6.5],"texture":"#0"},"up":{"uv":[12,3.5,0,3],"texture":"#0"},"down":{"uv":[12,3,0,3.5],"texture":"#0"}}},{"from":[26,25,7],"to":[28,32,9],"faces":{"north":{"uv":[0.5,3.5,1,5.25],"texture":"#0"},"east":{"uv":[0.5,3.5,1,5.25],"texture":"#0"},"south":{"uv":[0.5,3.5,1,5.25],"texture":"#0"},"west":{"uv":[0.5,3.5,1,5.25],"texture":"#0"},"up":{"uv":[1.5,4,1,3.5],"texture":"#0"},"down":{"uv":[1.5,3.5,1,4],"texture":"#0"}}},{"from":[-12,25,7],"to":[-10,32,9],"rotation":{"angle":0,"axis":"y","origin":[16,0,0]},"faces":{"north":{"uv":[1,3.5,0.5,5.25],"texture":"#0"},"east":{"uv":[1,3.5,0.5,5.25],"texture":"#0"},"south":{"uv":[1,3.5,0.5,5.25],"texture":"#0"},"west":{"uv":[1,3.5,0.5,5.25],"texture":"#0"},"up":{"uv":[1,4,1.5,3.5],"texture":"#0"},"down":{"uv":[1,3.5,1.5,4],"texture":"#0"}}}],"gui_light":"front","display":{"thirdperson_righthand":{"rotation":[67.5,0,0],"translation":[0,-1,-2.5],"scale":[0.24,0.24,0.24]},"thirdperson_lefthand":{"rotation":[67.5,0,0],"translation":[0,-1,-2.5],"scale":[0.24,0.24,0.24]},"firstperson_righthand":{"translation":[1.88,-0.3,1.13],"scale":[0.33031,0.33031,0.33031]},"firstperson_lefthand":{"translation":[1.88,-0.3,1.13],"scale":[0.33031,0.33031,0.33031]},"ground":{"translation":[0,-0.5,0],"scale":[0.25,0.25,0.25]},"gui":{"rotation":[30,225,0],"translation":[0,-4.25,0],"scale":[0.34492,0.34492,0.34492]},"head":{"scale":[0,0,0]},"fixed":{"rotation":[90,0,0],"translation":[0,-0.75,-51.75],"scale":[2.1,2.1,2.1]}}}