{"credit":"MadewithBlockbench","texture_size":[128,128],"textures":{"0":"elitecreatures:airport_furniture_v1/airport_table_with_computer","particle":"elitecreatures:airport_furniture_v1/airport_table_with_computer"},"elements":[{"from":[-16,0,0],"to":[32,12,16],"faces":{"north":{"uv":[0,4,6,5.5],"texture":"#0"},"east":{"uv":[6,1.5,8,3],"texture":"#0"},"south":{"uv":[0,5.5,6,7],"texture":"#0"},"west":{"uv":[8,1.5,6,3],"texture":"#0"},"up":{"uv":[6,2,0,0],"texture":"#0"},"down":{"uv":[6,2,0,4],"texture":"#0"}}},{"from":[-3,12,11.3],"to":[4,13,14.3],"rotation":{"angle":22.5,"axis":"y","origin":[0.5,12.5,13.5]},"faces":{"north":{"uv":[8,4.375,8.875,4.5],"texture":"#0"},"east":{"uv":[8.375,5,8.75,5.125],"texture":"#0"},"south":{"uv":[8,4.375,8.875,4.5],"texture":"#0"},"west":{"uv":[8.375,5,8.75,5.125],"texture":"#0"},"up":{"uv":[8.875,4.375,8,4],"texture":"#0"}}},{"from":[-12.52289,15,10.74857],"to":[-0.52289,24,12.74857],"rotation":{"angle":45,"axis":"y","origin":[-6.52289,16.25,11.74857]},"faces":{"north":{"uv":[8,1.5,9.5,2.625],"texture":"#0"},"east":{"uv":[8.875,4,9.125,5.125],"texture":"#0"},"south":{"uv":[8,2.625,9.5,3.75],"texture":"#0"},"west":{"uv":[8.875,4,9.125,5.125],"texture":"#0"},"up":{"uv":[9.5,4,8,3.75],"texture":"#0"},"down":{"uv":[9.5,3.75,8,4],"texture":"#0"}}},{"from":[-7.52289,13,10.74857],"to":[-5.52289,15,12.74857],"rotation":{"angle":45,"axis":"y","origin":[-6.52289,16.25,11.74857]},"faces":{"north":{"uv":[9.125,4,9.375,4.25],"texture":"#0"},"east":{"uv":[9.125,4,9.375,4.25],"texture":"#0"},"south":{"uv":[9.125,4,9.375,4.25],"texture":"#0"},"west":{"uv":[9.125,4,9.375,4.25],"texture":"#0"}}},{"from":[-9.52289,12,10.24857],"to":[-3.52289,13,13.24857],"rotation":{"angle":45,"axis":"y","origin":[-6.52289,16.25,11.74857]},"faces":{"north":{"uv":[8,4.875,8.75,5],"texture":"#0"},"east":{"uv":[8,5,8.375,5.125],"texture":"#0"},"south":{"uv":[8,4.875,8.75,5],"texture":"#0"},"west":{"uv":[8,5,8.375,5.125],"texture":"#0"},"up":{"uv":[8.75,4.875,8,4.5],"texture":"#0"}}},{"from":[-16,12,0],"to":[32,14,8],"faces":{"north":{"uv":[6,1,12,1.25],"texture":"#0"},"east":{"uv":[6,3,7,3.25],"texture":"#0"},"south":{"uv":[6,1.25,12,1.5],"texture":"#0"},"west":{"uv":[7,3,6,3.25],"texture":"#0"},"up":{"uv":[12,1,6,0],"texture":"#0"}}}],"gui_light":"front","display":{"thirdperson_righthand":{"rotation":[67.5,0,0],"translation":[0,1.25,0],"scale":[0.22,0.22,0.22]},"thirdperson_lefthand":{"rotation":[67.5,0,0],"translation":[0,1.25,0],"scale":[0.22,0.22,0.22]},"firstperson_righthand":{"translation":[0.75,2.25,0],"scale":[0.28992,0.28992,0.28992]},"firstperson_lefthand":{"translation":[0.75,2.25,0],"scale":[0.28992,0.28992,0.28992]},"ground":{"translation":[0,3,0],"scale":[0.25,0.25,0.25]},"gui":{"rotation":[30,-56,0],"translation":[0,-0.25,0],"scale":[0.31445,0.31445,0.31445]},"head":{"translation":[-0.25,-30.25,0],"scale":[0,0,0]},"fixed":{"rotation":[-90,0,0],"translation":[-32,0,-18.25],"scale":[2.3,2.3,2.3]}}}