{"credit":"MadewithBlockbench","texture_size":[64,64],"textures":{"0":"elitecreatures:airport_furniture_v1/airport_ticket_machine_02","particle":"elitecreatures:airport_furniture_v1/airport_ticket_machine_02"},"elements":[{"from":[1,0,3],"to":[15,1,13],"faces":{"north":{"uv":[0.5,7.75,4,8],"texture":"#0"},"east":{"uv":[3.5,6.5,6,6.75],"texture":"#0"},"south":{"uv":[0.5,7.75,4,8],"texture":"#0"},"west":{"uv":[3.5,6.5,6,6.75],"texture":"#0"},"up":{"uv":[3.5,2.5,0,0],"texture":"#0"},"down":{"uv":[3.5,2.5,0,5],"texture":"#0"}}},{"from":[3,1,5],"to":[13,12,9],"faces":{"north":{"uv":[6,2.75,8.5,5.5],"texture":"#0"},"east":{"uv":[3.5,5,2.5,7.75],"texture":"#0"},"south":{"uv":[6,0,8.5,2.75],"texture":"#0"},"west":{"uv":[2.5,5,3.5,7.75],"texture":"#0"},"up":{"uv":[2.5,6,0,5],"texture":"#0"},"down":{"uv":[2.5,5,0,6],"texture":"#0"}}},{"from":[3,11.35714,12.23188],"to":[13,24.35714,14.23188],"rotation":{"angle":22.5,"axis":"x","origin":[7,29.85714,10.23188]},"faces":{"north":{"uv":[3.5,0,6,3.25],"texture":"#0"},"east":{"uv":[0.5,6.5,0,9.75],"texture":"#0"},"south":{"uv":[3.5,3.25,6,6.5],"texture":"#0"},"west":{"uv":[0,6.5,0.5,9.75],"texture":"#0"},"up":{"uv":[2.5,6.5,0,6],"texture":"#0"},"down":{"uv":[2.5,6,0,6.5],"texture":"#0"}}}],"gui_light":"front","display":{"thirdperson_righthand":{"rotation":[67.5,0,0],"translation":[0,0.5,0.5],"scale":[0.37945,0.37945,0.37945]},"thirdperson_lefthand":{"rotation":[67.5,0,0],"translation":[0,0.5,0.5],"scale":[0.37945,0.37945,0.37945]},"firstperson_righthand":{"translation":[0.88,3.2,1.13],"scale":[0.55688,0.55688,0.55688]},"firstperson_lefthand":{"translation":[0.88,3.2,1.13],"scale":[0.55688,0.55688,0.55688]},"ground":{"translation":[0,2,0],"scale":[0.5,0.5,0.5]},"gui":{"rotation":[30,225,0],"translation":[0,-1.5,0],"scale":[0.50516,0.50516,0.50516]},"head":{"rotation":[0,-180,0],"translation":[0,-27,0],"scale":[0,0,0]},"fixed":{"rotation":[-90,0,0],"translation":[0,0,-18.25],"scale":[2.29297,2.29297,2.29297]}}}