{"credit":"MadewithBlockbench","texture_size":[64,64],"textures":{"0":"elitecreatures:airport_furniture_v1/airport_trolley_with_bag","particle":"elitecreatures:airport_furniture_v1/airport_trolley_with_bag"},"elements":[{"from":[3,3,0],"to":[13,5,1],"faces":{"north":{"uv":[5,0.75,7.5,1.25],"texture":"#0"},"south":{"uv":[5,0.75,7.5,1.25],"texture":"#0"},"up":{"uv":[7.5,1.5,5,1.25],"texture":"#0"},"down":{"uv":[7.5,1.25,5,1.5],"texture":"#0"}}},{"from":[3,3,15],"to":[13,5,16],"rotation":{"angle":0,"axis":"y","origin":[0,0,16]},"faces":{"north":{"uv":[7.5,0.75,5,1.25],"texture":"#0"},"south":{"uv":[7.5,0.75,5,1.25],"texture":"#0"},"up":{"uv":[7.5,1.25,5,1.5],"texture":"#0"},"down":{"uv":[7.5,1.5,5,1.25],"texture":"#0"}}},{"from":[13,3,15],"to":[14,18,17],"faces":{"north":{"uv":[3.75,2,4,5.75],"texture":"#0"},"east":{"uv":[3.25,2,3.75,5.75],"texture":"#0"},"south":{"uv":[3.75,2,4,5.75],"texture":"#0"},"west":{"uv":[3.25,2,3.75,5.75],"texture":"#0"},"up":{"uv":[4.25,2.5,4,2],"texture":"#0"},"down":{"uv":[4.25,2,4,2.5],"texture":"#0"}}},{"from":[13,16,17],"to":[14,18,21],"faces":{"east":{"uv":[0,5,1,5.5],"texture":"#0"},"south":{"uv":[1.25,5,1.5,5.5],"texture":"#0"},"west":{"uv":[0,5,1,5.5],"texture":"#0"},"up":{"uv":[1.25,6,1,5],"texture":"#0"},"down":{"uv":[1.25,5,1,6],"texture":"#0"}}},{"from":[3,16,20],"to":[13,18,21],"faces":{"north":{"uv":[5,0,7.5,0.5],"texture":"#0"},"south":{"uv":[5,0,7.5,0.5],"texture":"#0"},"up":{"uv":[7.5,0.75,5,0.5],"texture":"#0"},"down":{"uv":[7.5,0.5,5,0.75],"texture":"#0"}}},{"from":[13,0,0],"to":[14,2,2],"rotation":{"angle":0,"axis":"y","origin":[16,0,0]},"faces":{"north":{"uv":[5.5,1.5,5.75,2],"texture":"#0"},"east":{"uv":[5,1.5,5.5,2],"texture":"#0"},"south":{"uv":[5.5,1.5,5.75,2],"texture":"#0"},"west":{"uv":[5,1.5,5.5,2],"texture":"#0"},"up":{"uv":[5.75,2,5.5,1.5],"texture":"#0"},"down":{"uv":[5.75,1.5,5.5,2],"texture":"#0"}}},{"from":[13,2,0.75],"to":[14,3,1.75],"rotation":{"angle":0,"axis":"y","origin":[16,0,0]},"faces":{"north":{"uv":[4.5,2.5,4.75,2.75],"texture":"#0"},"east":{"uv":[4.5,2.5,4.75,2.75],"texture":"#0"},"south":{"uv":[4.5,2.5,4.75,2.75],"texture":"#0"},"west":{"uv":[4.5,2.5,4.75,2.75],"texture":"#0"}}},{"from":[3,4.75,1],"to":[13,4.75,15],"rotation":{"angle":0,"axis":"y","origin":[16,0,0]},"faces":{"up":{"uv":[2.5,3.5,0,0],"texture":"#0"},"down":{"uv":[2.5,0,0,3.5],"texture":"#0"}}},{"from":[13,3,0],"to":[14,5,15],"rotation":{"angle":0,"axis":"y","origin":[16,0,0]},"faces":{"north":{"uv":[4.25,2.5,4.5,3],"texture":"#0"},"east":{"uv":[4.25,2,8,2.5],"texture":"#0"},"west":{"uv":[4.25,2,8,2.5],"texture":"#0"},"up":{"uv":[4.25,6.25,4,2.5],"texture":"#0"},"down":{"uv":[4.25,2.5,4,6.25],"texture":"#0"}}},{"from":[13.5,13,16],"to":[13.5,16,19],"rotation":{"angle":0,"axis":"y","origin":[16,0,0]},"faces":{"east":{"uv":[2.5,2,3.25,2.75],"texture":"#0"},"west":{"uv":[3.25,2,2.5,2.75],"texture":"#0"}}},{"from":[2,16,17],"to":[3,18,21],"rotation":{"angle":0,"axis":"y","origin":[16,0,0]},"faces":{"east":{"uv":[1,5,0,5.5],"texture":"#0"},"south":{"uv":[1.5,5,1.25,5.5],"texture":"#0"},"west":{"uv":[1,5,0,5.5],"texture":"#0"},"up":{"uv":[1,6,1.25,5],"texture":"#0"},"down":{"uv":[1,5,1.25,6],"texture":"#0"}}},{"from":[2,3,15],"to":[3,18,17],"rotation":{"angle":0,"axis":"y","origin":[16,0,0]},"faces":{"north":{"uv":[4,2,3.75,5.75],"texture":"#0"},"east":{"uv":[3.75,2,3.25,5.75],"texture":"#0"},"south":{"uv":[4,2,3.75,5.75],"texture":"#0"},"west":{"uv":[3.75,2,3.25,5.75],"texture":"#0"},"up":{"uv":[4,2.5,4.25,2],"texture":"#0"},"down":{"uv":[4,2,4.25,2.5],"texture":"#0"}}},{"from":[2,3,0],"to":[3,5,15],"faces":{"north":{"uv":[4.5,2.5,4.25,3],"texture":"#0"},"east":{"uv":[8,2,4.25,2.5],"texture":"#0"},"west":{"uv":[8,2,4.25,2.5],"texture":"#0"},"up":{"uv":[4,6.25,4.25,2.5],"texture":"#0"},"down":{"uv":[4,2.5,4.25,6.25],"texture":"#0"}}},{"from":[2,2,0.75],"to":[3,3,1.75],"faces":{"north":{"uv":[4.75,2.5,4.5,2.75],"texture":"#0"},"east":{"uv":[4.75,2.5,4.5,2.75],"texture":"#0"},"south":{"uv":[4.75,2.5,4.5,2.75],"texture":"#0"},"west":{"uv":[4.75,2.5,4.5,2.75],"texture":"#0"}}},{"from":[2,0,0],"to":[3,2,2],"faces":{"north":{"uv":[5.75,1.5,5.5,2],"texture":"#0"},"east":{"uv":[5.5,1.5,5,2],"texture":"#0"},"south":{"uv":[5.75,1.5,5.5,2],"texture":"#0"},"west":{"uv":[5.5,1.5,5,2],"texture":"#0"},"up":{"uv":[5.5,2,5.75,1.5],"texture":"#0"},"down":{"uv":[5.5,1.5,5.75,2],"texture":"#0"}}},{"from":[13,2,15.75],"to":[14,3,16.75],"rotation":{"angle":0,"axis":"y","origin":[16,0,0]},"faces":{"north":{"uv":[4.5,2.5,4.75,2.75],"texture":"#0"},"east":{"uv":[4.5,2.5,4.75,2.75],"texture":"#0"},"south":{"uv":[4.5,2.5,4.75,2.75],"texture":"#0"},"west":{"uv":[4.5,2.5,4.75,2.75],"texture":"#0"}}},{"from":[13,0,15],"to":[14,2,17],"rotation":{"angle":0,"axis":"y","origin":[16,0,0]},"faces":{"north":{"uv":[5.5,1.5,5.75,2],"texture":"#0"},"east":{"uv":[5,1.5,5.5,2],"texture":"#0"},"south":{"uv":[5.5,1.5,5.75,2],"texture":"#0"},"west":{"uv":[5,1.5,5.5,2],"texture":"#0"},"up":{"uv":[5.75,2,5.5,1.5],"texture":"#0"},"down":{"uv":[5.75,1.5,5.5,2],"texture":"#0"}}},{"from":[2,0,15],"to":[3,2,17],"faces":{"north":{"uv":[5.75,1.5,5.5,2],"texture":"#0"},"east":{"uv":[5.5,1.5,5,2],"texture":"#0"},"south":{"uv":[5.75,1.5,5.5,2],"texture":"#0"},"west":{"uv":[5.5,1.5,5,2],"texture":"#0"},"up":{"uv":[5.5,2,5.75,1.5],"texture":"#0"},"down":{"uv":[5.5,1.5,5.75,2],"texture":"#0"}}},{"from":[2,2,15.75],"to":[3,3,16.75],"faces":{"north":{"uv":[4.75,2.5,4.5,2.75],"texture":"#0"},"east":{"uv":[4.75,2.5,4.5,2.75],"texture":"#0"},"south":{"uv":[4.75,2.5,4.5,2.75],"texture":"#0"},"west":{"uv":[4.75,2.5,4.5,2.75],"texture":"#0"}}},{"from":[2.5,13,16],"to":[2.5,16,19],"faces":{"east":{"uv":[2.5,2,3.25,2.75],"texture":"#0"},"west":{"uv":[3.25,2,2.5,2.75],"texture":"#0"}}},{"from":[2.5,13,19],"to":[13.5,16,19],"rotation":{"angle":0,"axis":"y","origin":[16,0,0]},"faces":{"north":{"uv":[2.75,3.5,0,4.25],"texture":"#0"},"south":{"uv":[0,3.5,2.75,4.25],"texture":"#0"}}},{"from":[2.5,13,16],"to":[13.5,13,19],"rotation":{"angle":0,"axis":"y","origin":[16,0,0]},"faces":{"up":{"uv":[2.75,5,0,4.25],"texture":"#0"},"down":{"uv":[2.75,4.25,0,5],"texture":"#0"}}},{"from":[3,8,16],"to":[13,16,16],"faces":{"north":{"uv":[2.5,0,5,2],"texture":"#0"},"south":{"uv":[5,0,2.5,2],"texture":"#0"}}},{"from":[1.5,5,10],"to":[14.5,13,15],"faces":{"north":{"uv":[3.625,6.375,6.875,8.375],"texture":"#0"},"east":{"uv":[6.875,6.375,8.125,8.375],"texture":"#0"},"south":{"uv":[3.625,6.375,6.875,8.375],"texture":"#0"},"west":{"uv":[6.875,6.375,8.125,8.375],"texture":"#0"},"up":{"uv":[0.375,7.625,3.625,8.875],"texture":"#0"},"down":{"uv":[0.375,6.375,3.625,7.625],"texture":"#0"}}},{"from":[4,9,5],"to":[13,13,10],"rotation":{"angle":0,"axis":"y","origin":[8,7,6.5]},"faces":{"north":{"uv":[0.375,11.375,2.625,12.375],"texture":"#0"},"east":{"uv":[0.375,12.375,1.625,13.375],"texture":"#0"},"south":{"uv":[0.375,11.375,2.625,12.375],"texture":"#0"},"west":{"uv":[0.375,12.375,1.625,13.375],"texture":"#0"},"up":{"uv":[0.375,8.875,2.625,10.125],"texture":"#0"},"down":{"uv":[0.375,10.125,2.625,11.375],"texture":"#0"}}},{"from":[2.5,5,3],"to":[13.5,9,10],"rotation":{"angle":0,"axis":"y","origin":[8,7,6.5]},"faces":{"north":{"uv":[3.625,11.875,6.375,12.875],"texture":"#0"},"east":{"uv":[5.375,12.875,3.625,13.875],"texture":"#0"},"south":{"uv":[3.625,11.875,6.375,12.875],"texture":"#0"},"west":{"uv":[3.625,12.875,5.375,13.875],"texture":"#0"},"up":{"uv":[3.625,10.125,6.375,11.875],"texture":"#0"},"down":{"uv":[3.625,8.375,6.375,10.125],"texture":"#0"}}}],"gui_light":"front","display":{"thirdperson_righthand":{"rotation":[67.5,0,0],"translation":[0,3.25,2],"scale":[0.30875,0.30875,0.30875]},"thirdperson_lefthand":{"rotation":[67.5,0,0],"translation":[0,3.25,2],"scale":[0.30875,0.30875,0.30875]},"firstperson_righthand":{"translation":[0,3.25,0],"scale":[0.53328,0.53328,0.53328]},"firstperson_lefthand":{"translation":[0,3.25,0],"scale":[0.53328,0.53328,0.53328]},"ground":{"translation":[0,2,0],"scale":[0.5,0.5,0.5]},"gui":{"rotation":[30,225,0],"translation":[0.75,-1,0],"scale":[0.5057,0.5057,0.5057]},"head":{"translation":[0,-27.25,-2.5],"scale":[0,0,0]},"fixed":{"rotation":[-90,-90,0],"translation":[-5.25,0,-21.25],"scale":[2.67188,2.67188,2.67188]}}}