{
	"credit": "Made by Manning Design",
	"texture_size": [32, 32],
	"textures": {
		"1": "custom/bs_diagonal_hoe_texture"
	},
	"elements": [
		{
			"from": [7, 0.275, 7],
			"to": [9, 18.275, 9],
			"rotation": {"angle": 22.5, "axis": "x", "origin": [8, 1, 8]},
			"faces": {
				"north": {"uv": [0, 0, 1, 9], "texture": "#1"},
				"east": {"uv": [1, 0, 2, 9], "texture": "#1"},
				"south": {"uv": [2, 0, 3, 9], "texture": "#1"},
				"west": {"uv": [3, 0, 4, 9], "texture": "#1"},
				"up": {"uv": [7, 5, 6, 4], "texture": "#1"},
				"down": {"uv": [7, 5, 6, 6], "texture": "#1"}
			}
		},
		{
			"from": [6, 16.8839, 14.99354],
			"to": [10, 19.8839, 14.99354],
			"rotation": {"angle": 22.5, "axis": "x", "origin": [8, 17.8839, 14.99354]},
			"faces": {
				"north": {"uv": [4, 4, 6, 5.5], "texture": "#1"},
				"east": {"uv": [0, 0, 0, 1.5], "texture": "#1"},
				"south": {"uv": [6, 4, 4, 5.5], "texture": "#1"},
				"west": {"uv": [0, 0, 0, 1.5], "texture": "#1"},
				"up": {"uv": [2, 0, 0, 0], "texture": "#1"},
				"down": {"uv": [2, 0, 0, 0], "texture": "#1"}
			}
		},
		{
			"from": [5, 19.8839, 10.99354],
			"to": [11, 19.8839, 14.99354],
			"rotation": {"angle": 22.5, "axis": "x", "origin": [8, 17.8839, 14.99354]},
			"faces": {
				"north": {"uv": [0, 0, 3, 0], "texture": "#1"},
				"east": {"uv": [0, 0, 2, 0], "texture": "#1"},
				"south": {"uv": [0, 0, 3, 0], "texture": "#1"},
				"west": {"uv": [0, 0, 2, 0], "texture": "#1"},
				"up": {"uv": [4, 4, 7, 2], "texture": "#1"},
				"down": {"uv": [7, 2, 4, 4], "texture": "#1"}
			}
		}
	],
	"display": {
		"thirdperson_righthand": {
			"translation": [0, 0.75, 0],
			"scale": [0.29, 0.29, 0.29]
		},
		"thirdperson_lefthand": {
			"translation": [-2, 0.75, 0],
			"scale": [0.29, 0.291, 0.29]
		},
		"firstperson_righthand": {
			"rotation": [-7, -50, 0],
			"translation": [0, 3.25, 2.5],
			"scale": [0.23, 0.23, 0.23]
		},
		"firstperson_lefthand": {
			"rotation": [-7, -41, 0],
			"translation": [-0.5, 3.25, 3.75],
			"scale": [0.23, 0.23, 0.23]
		},
		"ground": {
			"translation": [1.5, 2, -0.25],
			"scale": [0.3, 0.3, 0.3]
		},
		"gui": {
			"rotation": [10, 149, 0],
			"translation": [-1, -1.5, 0],
			"scale": [0.57, 0.57, 0.57]
		},
		"head": {
			"translation": [1.5, 8, 0],
			"scale": [0.72, 0.72, 0.72]
		},
		"fixed": {
			"rotation": [-90, 0, 0],
			"translation": [0, 0.01, -16],
			"scale": [2, 2, 2]
		}
	}
}