{
	"credit": "Made by Manning Design",
	"textures": {
		"0": "custom/bs_flower_box_texture",
		"1": "custom/bs_pink_tulip_texture",
		"particle": "custom/bs_flower_box_texture"
	},
	"elements": [
		{
			"from": [2, 2, 5],
			"to": [30, 9, 16],
			"faces": {
				"north": {"uv": [0, 5.5, 7, 7.25], "texture": "#0"},
				"east": {"uv": [7, 1.75, 9.75, 3.5], "texture": "#0"},
				"south": {"uv": [0, 2.5, 7, 0.75], "texture": "#0"},
				"west": {"uv": [7, 3.5, 9.75, 5.25], "texture": "#0"},
				"up": {"uv": [7, 2.75, 0, 0], "texture": "#0"},
				"down": {"uv": [7, 2.75, 0, 5.5], "texture": "#0"}
			}
		},
		{
			"from": [2, 9, 5],
			"to": [2, 11, 16],
			"faces": {
				"north": {"uv": [0, 0, 0, 0.5], "texture": "#0"},
				"east": {"uv": [9.75, 6.75, 7, 7.25], "texture": "#0"},
				"south": {"uv": [0, 0, 0, 0.5], "texture": "#0"},
				"west": {"uv": [7, 6.75, 9.75, 7.25], "texture": "#0"},
				"up": {"uv": [0, 2.75, 0, 0], "texture": "#0"},
				"down": {"uv": [0, 0, 0, 2.75], "texture": "#0"}
			}
		},
		{
			"from": [30, 9, 5],
			"to": [30, 11, 16],
			"faces": {
				"north": {"uv": [0, 0, 0, 0.5], "texture": "#0"},
				"east": {"uv": [0, 7.25, 2.75, 7.75], "texture": "#0"},
				"south": {"uv": [0, 0, 0, 0.5], "texture": "#0"},
				"west": {"uv": [2.75, 7.25, 0, 7.75], "texture": "#0"},
				"up": {"uv": [0, 2.75, 0, 0], "texture": "#0"},
				"down": {"uv": [0, 0, 0, 2.75], "texture": "#0"}
			}
		},
		{
			"from": [2, 9, 5],
			"to": [30, 11, 5],
			"faces": {
				"north": {"uv": [7, 5.25, 14, 5.75], "texture": "#0"},
				"east": {"uv": [0, 0, 0, 0.5], "texture": "#0"},
				"south": {"uv": [14, 5.25, 7, 5.75], "texture": "#0"},
				"west": {"uv": [0, 0, 0, 0.5], "texture": "#0"},
				"up": {"uv": [7, 0, 0, 0], "texture": "#0"},
				"down": {"uv": [7, 0, 0, 0], "texture": "#0"}
			}
		},
		{
			"from": [1.75, 9, 10],
			"to": [13.75, 21, 10],
			"rotation": {"angle": 22.5, "axis": "y", "origin": [7.75, 15, 10]},
			"faces": {
				"north": {"uv": [16, 0, 0, 16], "texture": "#1"},
				"east": {"uv": [0, 0, 0, 8], "texture": "#1"},
				"south": {"uv": [0, 0, 16, 16], "texture": "#1"},
				"west": {"uv": [0, 0, 0, 8], "texture": "#1"},
				"up": {"uv": [8, 0, 0, 0], "rotation": 180, "texture": "#1"},
				"down": {"uv": [8, 0, 0, 0], "rotation": 180, "texture": "#1"}
			}
		},
		{
			"from": [7.75, 9, 4],
			"to": [7.75, 21, 16],
			"rotation": {"angle": 22.5, "axis": "y", "origin": [7.75, 15, 10]},
			"faces": {
				"north": {"uv": [0, 0, 0, 8], "texture": "#1"},
				"east": {"uv": [16, 0, 0, 16], "texture": "#1"},
				"south": {"uv": [0, 0, 0, 8], "texture": "#1"},
				"west": {"uv": [0, 0, 16, 16], "texture": "#1"},
				"up": {"uv": [8, 0, 0, 0], "rotation": 90, "texture": "#1"},
				"down": {"uv": [8, 0, 0, 0], "rotation": 270, "texture": "#1"}
			}
		},
		{
			"from": [16.5, 9, 4],
			"to": [16.5, 21, 16],
			"rotation": {"angle": 45, "axis": "y", "origin": [16.5, 15, 10]},
			"faces": {
				"north": {"uv": [0, 0, 0, 8], "texture": "#1"},
				"east": {"uv": [16, 0, 0, 16], "texture": "#1"},
				"south": {"uv": [0, 0, 0, 8], "texture": "#1"},
				"west": {"uv": [0, 0, 16, 16], "texture": "#1"},
				"up": {"uv": [8, 0, 0, 0], "rotation": 270, "texture": "#1"},
				"down": {"uv": [8, 0, 0, 0], "rotation": 90, "texture": "#1"}
			}
		},
		{
			"from": [10.5, 9, 10],
			"to": [22.5, 21, 10],
			"rotation": {"angle": 45, "axis": "y", "origin": [16.5, 15, 10]},
			"faces": {
				"north": {"uv": [0, 0, 16, 16], "texture": "#1"},
				"east": {"uv": [0, 0, 0, 8], "texture": "#1"},
				"south": {"uv": [16, 0, 0, 16], "texture": "#1"},
				"west": {"uv": [0, 0, 0, 8], "texture": "#1"},
				"up": {"uv": [8, 0, 0, 0], "rotation": 180, "texture": "#1"},
				"down": {"uv": [8, 0, 0, 0], "rotation": 180, "texture": "#1"}
			}
		},
		{
			"from": [25.04289, 9, 3.83579],
			"to": [25.04289, 21, 15.83579],
			"rotation": {"angle": 45, "axis": "y", "origin": [25.04289, 15, 9.83579]},
			"faces": {
				"north": {"uv": [0, 0, 0, 8], "texture": "#1"},
				"east": {"uv": [0, 0, 16, 16], "texture": "#1"},
				"south": {"uv": [0, 0, 0, 8], "texture": "#1"},
				"west": {"uv": [16, 0, 0, 16], "texture": "#1"},
				"up": {"uv": [8, 0, 0, 0], "rotation": 270, "texture": "#1"},
				"down": {"uv": [8, 0, 0, 0], "rotation": 90, "texture": "#1"}
			}
		},
		{
			"from": [19.04289, 9, 9.83579],
			"to": [31.04289, 21, 9.83579],
			"rotation": {"angle": 45, "axis": "y", "origin": [25.04289, 15, 9.83579]},
			"faces": {
				"north": {"uv": [0, 0, 16, 16], "texture": "#1"},
				"east": {"uv": [0, 0, 0, 8], "texture": "#1"},
				"south": {"uv": [16, 0, 0, 16], "texture": "#1"},
				"west": {"uv": [0, 0, 0, 8], "texture": "#1"},
				"up": {"uv": [8, 0, 0, 0], "rotation": 180, "texture": "#1"},
				"down": {"uv": [8, 0, 0, 0], "rotation": 180, "texture": "#1"}
			}
		}
	],
	"gui_light": "front",
	"display": {
		"thirdperson_righthand": {
			"translation": [-2.5, 2.25, -1.5],
			"scale": [0.35, 0.35, 0.35]
		},
		"thirdperson_lefthand": {
			"translation": [2.5, 2.25, -1.5],
			"scale": [0.35, 0.35, 0.35]
		},
		"firstperson_righthand": {
			"rotation": [0, 137, 0],
			"translation": [2.75, 3, 0],
			"scale": [0.39, 0.39, 0.39]
		},
		"firstperson_lefthand": {
			"rotation": [0, 130, 0],
			"translation": [-2.75, 3, -2.25],
			"scale": [0.38, 0.38, 0.38]
		},
		"ground": {
			"translation": [-3.5, 6, -0.25],
			"scale": [0.38, 0.38, 0.38]
		},
		"gui": {
			"rotation": [26, 135, 0],
			"translation": [1.5, -1, 0],
			"scale": [0.42, 0.42, 0.42]
		},
		"fixed": {
			"translation": [0, 0, -16],
			"scale": [2.01, 2.01, 2.01]
		}
	}
}