{
	"credit": "Made by Manning Design",
	"texture_size": [64, 64],
	"textures": {
		"0": "custom/bs_lawn_chair_green_texture",
		"particle": "custom/bs_lawn_chair_green_texture"
	},
	"elements": [
		{
			"from": [1, 0.25, 1],
			"to": [15, 1.25, 2],
			"rotation": {"angle": 22.5, "axis": "x", "origin": [8, 0.5, 1.5]},
			"faces": {
				"north": {"uv": [5.5, 3, 9, 3.25], "texture": "#0"},
				"east": {"uv": [8, 2.75, 8.25, 3], "texture": "#0"},
				"south": {"uv": [5.5, 3.25, 9, 3.5], "texture": "#0"},
				"west": {"uv": [8, 7.5, 8.25, 7.75], "texture": "#0"},
				"up": {"uv": [9, 3.75, 5.5, 3.5], "texture": "#0"},
				"down": {"uv": [9, 3.75, 5.5, 4], "texture": "#0"}
			}
		},
		{
			"from": [1, 0.25, 14],
			"to": [15, 1.25, 15],
			"rotation": {"angle": -22.5, "axis": "x", "origin": [8, 0.5, 14.5]},
			"faces": {
				"north": {"uv": [7.75, 4, 11.25, 4.25], "texture": "#0"},
				"east": {"uv": [2.75, 8.25, 3, 8.5], "texture": "#0"},
				"south": {"uv": [7.75, 4.25, 11.25, 4.5], "texture": "#0"},
				"west": {"uv": [8.25, 2.75, 8.5, 3], "texture": "#0"},
				"up": {"uv": [11.25, 4.75, 7.75, 4.5], "texture": "#0"},
				"down": {"uv": [11.25, 4.75, 7.75, 5], "texture": "#0"}
			}
		},
		{
			"from": [1, 0.5, 1],
			"to": [2, 14.5, 2],
			"rotation": {"angle": 22.5, "axis": "x", "origin": [1.5, 0.5, 1.5]},
			"faces": {
				"north": {"uv": [5, 6, 5.25, 9.5], "texture": "#0"},
				"east": {"uv": [5.25, 6, 5.5, 9.5], "texture": "#0"},
				"south": {"uv": [5.5, 6, 5.75, 9.5], "texture": "#0"},
				"west": {"uv": [5.75, 6, 6, 9.5], "texture": "#0"},
				"up": {"uv": [8.25, 8, 8, 7.75], "texture": "#0"},
				"down": {"uv": [8.25, 8, 8, 8.25], "texture": "#0"}
			}
		},
		{
			"from": [14, 0.5, 14],
			"to": [15, 14.5, 15],
			"rotation": {"angle": -22.5, "axis": "x", "origin": [14.5, 0.5, 14.5]},
			"faces": {
				"north": {"uv": [6.75, 7.5, 7, 11], "texture": "#0"},
				"east": {"uv": [7, 7.5, 7.25, 11], "texture": "#0"},
				"south": {"uv": [7.25, 7.5, 7.5, 11], "texture": "#0"},
				"west": {"uv": [7.5, 7.5, 7.75, 11], "texture": "#0"},
				"up": {"uv": [2.75, 8.5, 2.5, 8.25], "texture": "#0"},
				"down": {"uv": [8.5, 2.5, 8.25, 2.75], "texture": "#0"}
			}
		},
		{
			"from": [14, 0.5, 1],
			"to": [15, 14.5, 2],
			"rotation": {"angle": 22.5, "axis": "x", "origin": [14.5, 0.5, 1.5]},
			"faces": {
				"north": {"uv": [7, 4, 7.25, 7.5], "texture": "#0"},
				"east": {"uv": [7.25, 4, 7.5, 7.5], "texture": "#0"},
				"south": {"uv": [7.5, 4, 7.75, 7.5], "texture": "#0"},
				"west": {"uv": [6.5, 7.5, 6.75, 11], "texture": "#0"},
				"up": {"uv": [2.5, 8.5, 2.25, 8.25], "texture": "#0"},
				"down": {"uv": [8.5, 2.25, 8.25, 2.5], "texture": "#0"}
			}
		},
		{
			"from": [1, 0.5, 14],
			"to": [2, 14.5, 15],
			"rotation": {"angle": -22.5, "axis": "x", "origin": [1.5, 0.5, 14.5]},
			"faces": {
				"north": {"uv": [6, 6, 6.25, 9.5], "texture": "#0"},
				"east": {"uv": [6.25, 6, 6.5, 9.5], "texture": "#0"},
				"south": {"uv": [6.5, 4, 6.75, 7.5], "texture": "#0"},
				"west": {"uv": [6.75, 4, 7, 7.5], "texture": "#0"},
				"up": {"uv": [2.25, 8.5, 2, 8.25], "texture": "#0"},
				"down": {"uv": [8.5, 2, 8.25, 2.25], "texture": "#0"}
			}
		},
		{
			"from": [2, 8, 2],
			"to": [14, 10, 14],
			"rotation": {"angle": 0, "axis": "y", "origin": [24, 11.5, 8]},
			"faces": {
				"north": {"uv": [5.5, 0, 8.5, 0.5], "texture": "#0"},
				"east": {"uv": [5.5, 0.5, 8.5, 1], "texture": "#0"},
				"south": {"uv": [5.5, 1, 8.5, 1.5], "texture": "#0"},
				"west": {"uv": [5.5, 1.5, 8.5, 2], "texture": "#0"},
				"up": {"uv": [3, 3, 0, 0], "texture": "#0"},
				"down": {"uv": [3, 6, 0, 3], "texture": "#0"}
			}
		},
		{
			"from": [3, 15, 11],
			"to": [13, 24, 13],
			"rotation": {"angle": 22.5, "axis": "x", "origin": [8, 9, 8]},
			"faces": {
				"north": {"uv": [3, 0, 5.5, 2.25], "texture": "#0"},
				"east": {"uv": [2, 6, 2.5, 8.25], "texture": "#0"},
				"south": {"uv": [3, 2.25, 5.5, 4.5], "texture": "#0"},
				"west": {"uv": [2.5, 6, 3, 8.25], "texture": "#0"},
				"up": {"uv": [8, 2.5, 5.5, 2], "texture": "#0"},
				"down": {"uv": [8, 2.5, 5.5, 3], "texture": "#0"}
			}
		},
		{
			"from": [1, 9, 11.5],
			"to": [2, 24, 12.5],
			"rotation": {"angle": 22.5, "axis": "x", "origin": [8, 9, 8]},
			"faces": {
				"north": {"uv": [3, 6, 3.25, 9.75], "texture": "#0"},
				"east": {"uv": [3.25, 6, 3.5, 9.75], "texture": "#0"},
				"south": {"uv": [3.5, 6, 3.75, 9.75], "texture": "#0"},
				"west": {"uv": [3.75, 6, 4, 9.75], "texture": "#0"},
				"up": {"uv": [8.5, 7.75, 8.25, 7.5], "texture": "#0"},
				"down": {"uv": [8, 8.25, 7.75, 8.5], "texture": "#0"}
			}
		},
		{
			"from": [1, 22, 12.5],
			"to": [15, 23, 13.5],
			"rotation": {"angle": 22.5, "axis": "x", "origin": [8, 9, 8]},
			"faces": {
				"north": {"uv": [7.75, 5.5, 11.25, 5.75], "texture": "#0"},
				"east": {"uv": [8.25, 8, 8.5, 8.25], "texture": "#0"},
				"south": {"uv": [7.75, 5.75, 11.25, 6], "texture": "#0"},
				"west": {"uv": [8.25, 8.25, 8.5, 8.5], "texture": "#0"},
				"up": {"uv": [11.25, 6.25, 7.75, 6], "texture": "#0"},
				"down": {"uv": [11.25, 6.25, 7.75, 6.5], "texture": "#0"}
			}
		},
		{
			"from": [1, 17, 12.5],
			"to": [15, 20, 13.5],
			"rotation": {"angle": 22.5, "axis": "x", "origin": [8, 9, 8]},
			"faces": {
				"north": {"uv": [3, 5.25, 6.5, 6], "texture": "#0"},
				"east": {"uv": [7.75, 7.5, 8, 8.25], "texture": "#0"},
				"south": {"uv": [3, 5.25, 6.5, 6], "texture": "#0"},
				"west": {"uv": [8, 2, 8.25, 2.75], "texture": "#0"},
				"up": {"uv": [11.25, 5.25, 7.75, 5], "texture": "#0"},
				"down": {"uv": [11.25, 5.25, 7.75, 5.5], "texture": "#0"}
			}
		},
		{
			"from": [14, 9, 11.5],
			"to": [15, 24, 12.5],
			"rotation": {"angle": 22.5, "axis": "x", "origin": [8, 9, 8]},
			"faces": {
				"north": {"uv": [4, 6, 4.25, 9.75], "texture": "#0"},
				"east": {"uv": [4.25, 6, 4.5, 9.75], "texture": "#0"},
				"south": {"uv": [4.5, 6, 4.75, 9.75], "texture": "#0"},
				"west": {"uv": [4.75, 6, 5, 9.75], "texture": "#0"},
				"up": {"uv": [8.5, 8, 8.25, 7.75], "texture": "#0"},
				"down": {"uv": [8.25, 8.25, 8, 8.5], "texture": "#0"}
			}
		},
		{
			"from": [0.5, 13, 4],
			"to": [2.5, 14, 15],
			"faces": {
				"north": {"uv": [5.5, 4, 6, 4.25], "texture": "#0"},
				"east": {"uv": [7.75, 6.5, 10.5, 6.75], "texture": "#0"},
				"south": {"uv": [5.5, 4.25, 6, 4.5], "texture": "#0"},
				"west": {"uv": [7.75, 6.75, 10.5, 7], "texture": "#0"},
				"up": {"uv": [0.5, 8.75, 0, 6], "texture": "#0"},
				"down": {"uv": [1, 6, 0.5, 8.75], "texture": "#0"}
			}
		},
		{
			"from": [13.5, 13, 4],
			"to": [15.5, 14, 15],
			"rotation": {"angle": 0, "axis": "y", "origin": [16, 0, 0]},
			"faces": {
				"north": {"uv": [6, 4, 6.5, 4.25], "texture": "#0"},
				"east": {"uv": [7.75, 7, 10.5, 7.25], "texture": "#0"},
				"south": {"uv": [6, 4.25, 6.5, 4.5], "texture": "#0"},
				"west": {"uv": [7.75, 7.25, 10.5, 7.5], "texture": "#0"},
				"up": {"uv": [1.5, 8.75, 1, 6], "texture": "#0"},
				"down": {"uv": [2, 6, 1.5, 8.75], "texture": "#0"}
			}
		}
	],
	"display": {
		"thirdperson_righthand": {
			"translation": [2.5, 2.25, -1.5],
			"scale": [0.57, 0.57, 0.57]
		},
		"thirdperson_lefthand": {
			"translation": [2.5, 2.25, -1.5],
			"scale": [0.57, 0.57, 0.57]
		},
		"firstperson_righthand": {
			"rotation": [0, -42, 0],
			"scale": [0.54, 0.54, 0.54]
		},
		"firstperson_lefthand": {
			"rotation": [0, -42, 0],
			"scale": [0.54, 0.54, 0.54]
		},
		"ground": {
			"translation": [0, 2.25, 0],
			"scale": [0.43, 0.43, 0.43]
		},
		"gui": {
			"rotation": [26, 135, 0],
			"translation": [-0.25, -0.5, 0],
			"scale": [0.39, 0.39, 0.39]
		},
		"fixed": {
			"rotation": [-90, 0, 0],
			"translation": [0, 0, -16],
			"scale": [2.01, 2.01, 2.01]
		}
	}
}