{
	"credit": "Made by Manning Design",
	"texture_size": [32, 32],
	"textures": {
		"0": "custom/bs_loaf_of_bread_texture",
		"particle": "custom/bs_loaf_of_bread_texture"
	},
	"elements": [
		{
			"from": [-1, 0, 3],
			"to": [5, 3, 16],
			"rotation": {"angle": 45, "axis": "y", "origin": [2.5, 1.5, 1]},
			"faces": {
				"north": {"uv": [6, 3, 9, 4.5], "texture": "#0"},
				"east": {"uv": [6, 0, 12.5, 1.5], "texture": "#0"},
				"south": {"uv": [6, 4.5, 9, 6], "texture": "#0"},
				"west": {"uv": [6, 1.5, 12.5, 3], "texture": "#0"},
				"up": {"uv": [3, 6.5, 0, 0], "texture": "#0"},
				"down": {"uv": [6, 0, 3, 6.5], "texture": "#0"}
			}
		}
	],
	"display": {
		"thirdperson_righthand": {
			"translation": [0.25, 3.75, 0.25],
			"scale": [0.57, 0.57, 0.57]
		},
		"thirdperson_lefthand": {
			"rotation": [0, 96, 0],
			"translation": [0.75, 3.5, 0],
			"scale": [0.57, 0.57, 0.57]
		},
		"firstperson_righthand": {
			"rotation": [0, 4, 0],
			"translation": [0, 6, 0],
			"scale": [0.54, 0.54, 0.54]
		},
		"firstperson_lefthand": {
			"rotation": [0, 95, 0],
			"translation": [0, 5.5, 0],
			"scale": [0.54, 0.54, 0.54]
		},
		"ground": {
			"translation": [0, 5.75, 0],
			"scale": [0.43, 0.43, 0.43]
		},
		"gui": {
			"rotation": [26, 0, 0],
			"translation": [-0.25, 3.75, 0],
			"scale": [0.76, 0.76, 0.76]
		},
		"fixed": {
			"rotation": [-90, 0, 0],
			"translation": [0, 0, -16],
			"scale": [2.01, 2.01, 2.01]
		}
	}
}