{
	"credit": "Made by Manning Design",
	"texture_size": [64, 64],
	"textures": {
		"0": "custom/bs_mailbox_orange_texture",
		"particle": "custom/bs_mailbox_orange_texture"
	},
	"elements": [
		{
			"from": [6.5, 0, 10],
			"to": [9.5, 25, 13],
			"rotation": {"angle": 0, "axis": "y", "origin": [0, 0, 1]},
			"faces": {
				"north": {"uv": [0, 0, 0.75, 6.25], "texture": "#0"},
				"east": {"uv": [0.75, 0, 1.5, 6.25], "texture": "#0"},
				"south": {"uv": [1.5, 0, 2.25, 6.25], "texture": "#0"},
				"west": {"uv": [2.25, 0, 3, 6.25], "texture": "#0"},
				"up": {"uv": [3, 7, 2.25, 6.25], "texture": "#0"},
				"down": {"uv": [5.75, 6.5, 5, 7.25], "texture": "#0"}
			}
		},
		{
			"from": [6.5, 13, 2],
			"to": [9.5, 16, 10],
			"rotation": {"angle": 0, "axis": "x", "origin": [0, 0, 1]},
			"faces": {
				"north": {"uv": [5.75, 6.5, 6.5, 7.25], "texture": "#0"},
				"east": {"uv": [3, 5.25, 5, 6], "texture": "#0"},
				"south": {"uv": [6.5, 6.5, 7.25, 7.25], "texture": "#0"},
				"west": {"uv": [5, 5.25, 7, 6], "texture": "#0"},
				"up": {"uv": [3.75, 8, 3, 6], "texture": "#0"},
				"down": {"uv": [6.75, 3, 6, 5], "texture": "#0"}
			}
		},
		{
			"from": [7, 10.88687, 4.08239],
			"to": [9, 12.88687, 12.08239],
			"rotation": {"angle": 45, "axis": "x", "origin": [8, 11.88687, 7.58239]},
			"faces": {
				"north": {"uv": [2.5, 7, 3, 7.5], "texture": "#0"},
				"east": {"uv": [3.75, 6, 5.75, 6.5], "texture": "#0"},
				"south": {"uv": [7, 5.25, 7.5, 5.75], "texture": "#0"},
				"west": {"uv": [5.75, 6, 7.75, 6.5], "texture": "#0"},
				"up": {"uv": [0.5, 8.25, 0, 6.25], "texture": "#0"},
				"down": {"uv": [1, 6.25, 0.5, 8.25], "texture": "#0"}
			}
		},
		{
			"from": [6.5, 13, 13],
			"to": [9.5, 16, 16],
			"rotation": {"angle": 0, "axis": "y", "origin": [0, 0, 1]},
			"faces": {
				"north": {"uv": [6.75, 0, 7.5, 0.75], "texture": "#0"},
				"east": {"uv": [6.75, 0.75, 7.5, 1.5], "texture": "#0"},
				"south": {"uv": [6.75, 1.5, 7.5, 2.25], "texture": "#0"},
				"west": {"uv": [6.75, 2.25, 7.5, 3], "texture": "#0"},
				"up": {"uv": [7.5, 3.75, 6.75, 3], "texture": "#0"},
				"down": {"uv": [7.5, 3.75, 6.75, 4.5], "texture": "#0"}
			}
		},
		{
			"from": [5, 16, 1],
			"to": [11, 22, 10],
			"rotation": {"angle": 0, "axis": "y", "origin": [0, 0, 1]},
			"faces": {
				"north": {"uv": [5.25, 0, 6.75, 1.5], "texture": "#0"},
				"east": {"uv": [3, 0, 5.25, 1.5], "texture": "#0"},
				"south": {"uv": [5.25, 1.5, 6.75, 3], "texture": "#0"},
				"west": {"uv": [3, 1.5, 5.25, 3], "texture": "#0"},
				"up": {"uv": [4.5, 5.25, 3, 3], "texture": "#0"},
				"down": {"uv": [6, 3, 4.5, 5.25], "texture": "#0"}
			}
		},
		{
			"from": [5, 19, 0],
			"to": [5, 22, 1],
			"rotation": {"angle": 0, "axis": "y", "origin": [0, 0, 1]},
			"faces": {
				"north": {"uv": [0, 0, 0, 0.75], "texture": "#0"},
				"east": {"uv": [1, 7.25, 1.25, 8], "texture": "#0"},
				"south": {"uv": [0, 0, 0, 0.75], "texture": "#0"},
				"west": {"uv": [1.25, 7.25, 1.5, 8], "texture": "#0"},
				"up": {"uv": [0, 0.25, 0, 0], "texture": "#0"},
				"down": {"uv": [0, 0, 0, 0.25], "texture": "#0"}
			}
		},
		{
			"from": [5, 22, 0],
			"to": [11, 22, 1],
			"rotation": {"angle": 0, "axis": "y", "origin": [0, 0, 1]},
			"faces": {
				"north": {"uv": [0, 0, 1.5, 0], "texture": "#0"},
				"east": {"uv": [0, 0, 0.25, 0], "texture": "#0"},
				"south": {"uv": [0, 0, 1.5, 0], "texture": "#0"},
				"west": {"uv": [0, 0, 0.25, 0], "texture": "#0"},
				"up": {"uv": [7.5, 5.25, 6, 5], "texture": "#0"},
				"down": {"uv": [8.25, 4.5, 6.75, 4.75], "texture": "#0"}
			}
		},
		{
			"from": [11, 19, 0],
			"to": [11, 22, 1],
			"rotation": {"angle": 0, "axis": "y", "origin": [0, 0, 1]},
			"faces": {
				"north": {"uv": [0, 0, 0, 0.75], "texture": "#0"},
				"east": {"uv": [1.5, 7.25, 1.75, 8], "texture": "#0"},
				"south": {"uv": [0, 0, 0, 0.75], "texture": "#0"},
				"west": {"uv": [1.75, 7.25, 2, 8], "texture": "#0"},
				"up": {"uv": [0, 0.25, 0, 0], "texture": "#0"},
				"down": {"uv": [0, 0, 0, 0.25], "texture": "#0"}
			}
		},
		{
			"from": [4.95, 18, 2],
			"to": [4.95, 21, 7],
			"faces": {
				"north": {"uv": [0, 0, 0, 0.75], "texture": "#0"},
				"east": {"uv": [5, 6.5, 3.75, 7.25], "texture": "#0"},
				"south": {"uv": [0, 0, 0, 0.75], "texture": "#0"},
				"west": {"uv": [3.75, 6.5, 5, 7.25], "texture": "#0"},
				"up": {"uv": [0, 1.25, 0, 0], "texture": "#0"},
				"down": {"uv": [0, 0, 0, 1.25], "texture": "#0"}
			}
		}
	],
	"display": {
		"thirdperson_righthand": {
			"translation": [0, 2.25, -0.5],
			"scale": [0.57, 0.57, 0.57]
		},
		"thirdperson_lefthand": {
			"translation": [0.25, 2.25, -0.25],
			"scale": [0.57, 0.57, 0.57]
		},
		"firstperson_righthand": {
			"rotation": [0, 118, 0],
			"scale": [0.54, 0.54, 0.54]
		},
		"firstperson_lefthand": {
			"rotation": [0, 114, 0],
			"translation": [1.5, 0, 0],
			"scale": [0.54, 0.54, 0.54]
		},
		"ground": {
			"translation": [0, 3.25, 0],
			"scale": [0.43, 0.43, 0.43]
		},
		"gui": {
			"rotation": [26, 135, 0],
			"translation": [-0.75, -2.75, 0],
			"scale": [0.52, 0.52, 0.52]
		},
		"fixed": {
			"rotation": [-90, 0, 0],
			"translation": [0, 0, -16],
			"scale": [2.01, 2.01, 2.01]
		}
	}
}