{
	"credit": "Made by Manning Design",
	"texture_size": [32, 32],
	"textures": {
		"0": "custom/bs_pumpkin_pie_texture",
		"particle": "custom/bs_pumpkin_pie_texture"
	},
	"elements": [
		{
			"from": [3.5, 0, 3],
			"to": [12.5, 2, 12],
			"rotation": {"angle": 0, "axis": "y", "origin": [0, -1, 0]},
			"faces": {
				"north": {"uv": [4.5, 0, 9, 1], "texture": "#0"},
				"east": {"uv": [4.5, 1, 9, 2], "texture": "#0"},
				"south": {"uv": [4.5, 2, 9, 3], "texture": "#0"},
				"west": {"uv": [4.5, 3, 9, 4], "texture": "#0"},
				"up": {"uv": [4.5, 4.5, 0, 0], "texture": "#0"},
				"down": {"uv": [4.5, 4.5, 0, 9], "texture": "#0"}
			}
		},
		{
			"from": [1.46156, 1.80773, 3],
			"to": [3.46156, 1.80773, 12],
			"rotation": {"angle": -22.5, "axis": "z", "origin": [3.96156, 1.80773, 7.5]},
			"faces": {
				"north": {"uv": [0, 0, 1, 0], "texture": "#0"},
				"east": {"uv": [0, 0, 4.5, 0], "texture": "#0"},
				"south": {"uv": [0, 0, 1, 0], "texture": "#0"},
				"west": {"uv": [0, 0, 4.5, 0], "texture": "#0"},
				"up": {"uv": [5.5, 8.5, 4.5, 4], "texture": "#0"},
				"down": {"uv": [5.5, 4, 4.5, 8.5], "texture": "#0"}
			}
		},
		{
			"from": [12.53844, 1.80773, 3],
			"to": [14.53844, 1.80773, 12],
			"rotation": {"angle": 22.5, "axis": "z", "origin": [12.03844, 1.80773, 7.5]},
			"faces": {
				"north": {"uv": [0, 0, 1, 0], "texture": "#0"},
				"east": {"uv": [0, 0, 4.5, 0], "texture": "#0"},
				"south": {"uv": [0, 0, 1, 0], "texture": "#0"},
				"west": {"uv": [0, 0, 4.5, 0], "texture": "#0"},
				"up": {"uv": [7.5, 8.5, 6.5, 4], "texture": "#0"},
				"down": {"uv": [7.5, 4, 6.5, 8.5], "texture": "#0"}
			}
		},
		{
			"from": [3.5, 1.80773, 0.96156],
			"to": [12.5, 1.80773, 2.96156],
			"rotation": {"angle": 22.5, "axis": "x", "origin": [8, 1.80773, 3.46156]},
			"faces": {
				"north": {"uv": [0, 0, 4.5, 0], "texture": "#0"},
				"east": {"uv": [0, 0, 1, 0], "texture": "#0"},
				"south": {"uv": [0, 0, 4.5, 0], "texture": "#0"},
				"west": {"uv": [0, 0, 1, 0], "texture": "#0"},
				"up": {"uv": [13, 6, 8.5, 5], "texture": "#0"},
				"down": {"uv": [13, 5, 8.5, 6], "texture": "#0"}
			}
		},
		{
			"from": [3.5, 1.80773, 12.03844],
			"to": [12.5, 1.80773, 14.03844],
			"rotation": {"angle": -22.5, "axis": "x", "origin": [8, 1.80773, 11.53844]},
			"faces": {
				"north": {"uv": [0, 0, 4.5, 0], "texture": "#0"},
				"east": {"uv": [0, 0, 1, 0], "texture": "#0"},
				"south": {"uv": [0, 0, 4.5, 0], "texture": "#0"},
				"west": {"uv": [0, 0, 1, 0], "texture": "#0"},
				"up": {"uv": [13, 5, 8.5, 4], "texture": "#0"},
				"down": {"uv": [13, 4, 8.5, 5], "texture": "#0"}
			}
		}
	],
	"display": {
		"thirdperson_righthand": {
			"translation": [0, 4.5, -0.5],
			"scale": [0.57, 0.57, 0.57]
		},
		"thirdperson_lefthand": {
			"translation": [0, 4.5, 0],
			"scale": [0.57, 0.57, 0.57]
		},
		"firstperson_righthand": {
			"rotation": [0, -42, 0],
			"translation": [0.75, 5, 0],
			"scale": [0.54, 0.54, 0.54]
		},
		"firstperson_lefthand": {
			"rotation": [0, -42, 0],
			"translation": [1, 4.75, 0],
			"scale": [0.54, 0.54, 0.54]
		},
		"ground": {
			"translation": [0, 5.75, 0],
			"scale": [0.43, 0.43, 0.43]
		},
		"gui": {
			"rotation": [26, -45, 0],
			"scale": [0.33, 0.33, 0.33]
		},
		"fixed": {
			"rotation": [-90, 0, 0],
			"translation": [0, 0, -16],
			"scale": [2.01, 2.01, 2.01]
		}
	}
}