{
	"credit": "Made by Manning Design",
	"texture_size": [32, 32],
	"textures": {
		"0": "custom/bs_tea_kettle_texture",
		"particle": "custom/bs_tea_kettle_texture"
	},
	"elements": [
		{
			"from": [4, 0, 4],
			"to": [12, 6, 12],
			"faces": {
				"north": {"uv": [4, 6, 8, 9], "texture": "#0"},
				"east": {"uv": [0, 8, 4, 11], "texture": "#0"},
				"south": {"uv": [8, 6, 12, 9], "texture": "#0"},
				"west": {"uv": [9, 0, 13, 3], "texture": "#0"},
				"up": {"uv": [4, 4, 0, 0], "texture": "#0"},
				"down": {"uv": [4, 4, 0, 8], "texture": "#0"}
			}
		},
		{
			"from": [5, 6, 5],
			"to": [11, 7, 11],
			"faces": {
				"north": {"uv": [12, 5, 15, 5.5], "texture": "#0"},
				"east": {"uv": [12, 5.5, 15, 6], "texture": "#0"},
				"south": {"uv": [12, 6, 15, 6.5], "texture": "#0"},
				"west": {"uv": [6.5, 12, 9.5, 12.5], "texture": "#0"},
				"up": {"uv": [12, 6, 9, 3], "texture": "#0"},
				"down": {"uv": [7, 9, 4, 12], "texture": "#0"}
			}
		},
		{
			"from": [12, 3, 7],
			"to": [17, 5, 9],
			"rotation": {"angle": 22.5, "axis": "z", "origin": [12, 1, 8]},
			"faces": {
				"north": {"uv": [0, 11, 2.5, 12], "texture": "#0"},
				"east": {"uv": [2.5, 11, 3.5, 12], "texture": "#0"},
				"south": {"uv": [7, 11, 9.5, 12], "texture": "#0"},
				"west": {"uv": [12, 6.5, 13, 7.5], "texture": "#0"},
				"up": {"uv": [12, 12, 9.5, 11], "texture": "#0"},
				"down": {"uv": [2.5, 12, 0, 13], "texture": "#0"}
			}
		},
		{
			"from": [9.87916, 2.70052, 7.025],
			"to": [15.87916, 4.70052, 8.975],
			"rotation": {"angle": 45, "axis": "z", "origin": [13.37916, 3.70052, 8]},
			"faces": {
				"north": {"uv": [7, 9, 10, 10], "texture": "#0"},
				"east": {"uv": [12, 7.5, 13, 8.5], "texture": "#0"},
				"south": {"uv": [7, 10, 10, 11], "texture": "#0"},
				"west": {"uv": [9.5, 12, 10.5, 13], "texture": "#0"},
				"up": {"uv": [13, 10, 10, 9], "texture": "#0"},
				"down": {"uv": [13, 10, 10, 11], "texture": "#0"}
			}
		},
		{
			"from": [3, 5, 8],
			"to": [13, 11, 8],
			"faces": {
				"north": {"uv": [4, 0, 9, 3], "texture": "#0"},
				"east": {"uv": [0, 0, 0, 3], "texture": "#0"},
				"south": {"uv": [9, 0, 4, 3], "texture": "#0"},
				"west": {"uv": [0, 0, 0, 3], "texture": "#0"},
				"up": {"uv": [5, 0, 0, 0], "texture": "#0"},
				"down": {"uv": [5, 0, 0, 0], "texture": "#0"}
			}
		},
		{
			"from": [6, 9.5, 7],
			"to": [10, 11.5, 9],
			"faces": {
				"north": {"uv": [2.5, 12, 4.5, 13], "texture": "#0"},
				"east": {"uv": [10.5, 12, 11.5, 13], "texture": "#0"},
				"south": {"uv": [12, 3, 14, 4], "texture": "#0"},
				"west": {"uv": [12, 11, 13, 12], "texture": "#0"},
				"up": {"uv": [14, 5, 12, 4], "texture": "#0"},
				"down": {"uv": [6.5, 12, 4.5, 13], "texture": "#0"}
			}
		}
	],
	"display": {
		"thirdperson_righthand": {
			"rotation": [88, 93, 0],
			"translation": [-0.25, -2, -0.75],
			"scale": [0.57, 0.57, 0.57]
		},
		"thirdperson_lefthand": {
			"rotation": [88, -90, 0],
			"translation": [0, -2, -1],
			"scale": [0.57, 0.57, 0.57]
		},
		"firstperson_righthand": {
			"rotation": [0, 116, 0],
			"translation": [1, 3.25, 0],
			"scale": [0.54, 0.54, 0.54]
		},
		"firstperson_lefthand": {
			"rotation": [0, -42, 0],
			"translation": [0.75, 4, 0],
			"scale": [0.54, 0.54, 0.54]
		},
		"ground": {
			"translation": [0, 5, 0],
			"scale": [0.43, 0.43, 0.43]
		},
		"gui": {
			"rotation": [26, -45, 0],
			"translation": [0, 1.75, 0],
			"scale": [0.6, 0.6, 0.6]
		},
		"fixed": {
			"rotation": [-90, 0, 0],
			"translation": [0, 0, -16],
			"scale": [2.01, 2.01, 2.01]
		}
	}
}