{"credit":"MadewithBlockbench","texture_size":[32,32],"textures":{"0":"elitecreatures:gym_decoration_v1/gym_chair_long","particle":"elitecreatures:gym_decoration_v1/gym_chair_long"},"elements":[{"from":[15,0,1],"to":[16,1,11],"faces":{"north":{"uv":[10,5.5,10.5,6],"texture":"#0"},"east":{"uv":[5,5.5,10,6],"texture":"#0"},"south":{"uv":[10,5.5,10.5,6],"texture":"#0"},"west":{"uv":[5,5.5,10,6],"texture":"#0"},"up":{"uv":[1,11,0.5,6],"texture":"#0"},"down":{"uv":[1,6,0.5,11],"texture":"#0"}}},{"from":[15,1,10],"to":[16,7,11],"faces":{"north":{"uv":[0,6,0.5,9],"texture":"#0"},"east":{"uv":[0,6,0.5,9],"texture":"#0"},"south":{"uv":[0,6,0.5,9],"texture":"#0"},"west":{"uv":[0,6,0.5,9],"texture":"#0"},"up":{"uv":[10.5,6,10,5.5],"texture":"#0"},"down":{"uv":[10.5,5.5,10,6],"texture":"#0"}}},{"from":[15,1,1],"to":[16,7,2],"faces":{"north":{"uv":[0,6,0.5,9],"texture":"#0"},"east":{"uv":[0,6,0.5,9],"texture":"#0"},"south":{"uv":[0,6,0.5,9],"texture":"#0"},"west":{"uv":[0,6,0.5,9],"texture":"#0"},"up":{"uv":[10.5,6,10,5.5],"texture":"#0"},"down":{"uv":[10.5,5.5,10,6],"texture":"#0"}}},{"from":[-16,1,10],"to":[-15,7,11],"faces":{"north":{"uv":[0,6,0.5,9],"texture":"#0"},"east":{"uv":[0,6,0.5,9],"texture":"#0"},"south":{"uv":[0,6,0.5,9],"texture":"#0"},"west":{"uv":[0,6,0.5,9],"texture":"#0"},"up":{"uv":[10.5,6,10,5.5],"texture":"#0"},"down":{"uv":[10.5,5.5,10,6],"texture":"#0"}}},{"from":[-16,0,1],"to":[-15,1,11],"faces":{"north":{"uv":[10,5.5,10.5,6],"texture":"#0"},"east":{"uv":[5,5.5,10,6],"texture":"#0"},"south":{"uv":[10,5.5,10.5,6],"texture":"#0"},"west":{"uv":[5,5.5,10,6],"texture":"#0"},"up":{"uv":[1,11,0.5,6],"texture":"#0"},"down":{"uv":[1,6,0.5,11],"texture":"#0"}}},{"from":[-16,1,1],"to":[-15,7,2],"faces":{"north":{"uv":[0,6,0.5,9],"texture":"#0"},"east":{"uv":[0,6,0.5,9],"texture":"#0"},"south":{"uv":[0,6,0.5,9],"texture":"#0"},"west":{"uv":[0,6,0.5,9],"texture":"#0"},"up":{"uv":[10.5,6,10,5.5],"texture":"#0"},"down":{"uv":[10.5,5.5,10,6],"texture":"#0"}}},{"from":[-16,7,1],"to":[16,8,11],"faces":{"north":{"uv":[0,5,16,5.5],"texture":"#0"},"east":{"uv":[0,5.5,5,6],"texture":"#0"},"south":{"uv":[0,5,16,5.5],"texture":"#0"},"west":{"uv":[0,5.5,5,6],"texture":"#0"},"up":{"uv":[16,5,0,0],"texture":"#0"},"down":{"uv":[16,0,0,5],"texture":"#0"}}}],"gui_light":"front","display":{"thirdperson_righthand":{"rotation":[67.5,0,0],"translation":[1.75,0.5,2],"scale":[0.24859,0.24859,0.24859]},"thirdperson_lefthand":{"rotation":[67.5,0,0],"translation":[-2,0.5,2],"scale":[0.24859,0.24859,0.24859]},"firstperson_righthand":{"translation":[7.75,3.25,0],"scale":[0.56336,0.56336,0.56336]},"firstperson_lefthand":{"translation":[-1,3.25,0],"scale":[0.56336,0.56336,0.56336]},"ground":{"translation":[3,1,1.25],"scale":[0.33,0.33,0.33]},"gui":{"rotation":[28,148,0],"translation":[-2.5,2.25,0],"scale":[0.45086,0.45086,0.45086]},"head":{"translation":[0,3,14.75],"scale":[0,0,0]},"fixed":{"rotation":[-90,0,0],"translation":[-8,6,-24],"scale":[3,3,3]}}}