{"credit":"MadewithBlockbench","texture_size":[64,64],"textures":{"0":"elitecreatures:gym_decoration_v1/gym_machine_10","particle":"elitecreatures:gym_decoration_v1/gym_machine_10"},"elements":[{"from":[13,21.5,13.5],"to":[17,24.5,17.5],"rotation":{"angle":0,"axis":"y","origin":[14,21.5,15.5]},"faces":{"north":{"uv":[1.75,7.5,2.75,8.25],"texture":"#0"},"east":{"uv":[1.75,7.5,2.75,8.25],"texture":"#0"},"south":{"uv":[1.75,7.5,2.75,8.25],"texture":"#0"},"west":{"uv":[1.75,7.5,2.75,8.25],"texture":"#0"},"up":{"uv":[4.75,7.75,3.75,6.75],"texture":"#0"},"down":{"uv":[4.75,6.75,3.75,7.75],"texture":"#0"}}},{"from":[-5,0,15],"to":[21,2,17],"rotation":{"angle":0,"axis":"y","origin":[0,0,15]},"faces":{"north":{"uv":[5.75,0,12.25,0.5],"texture":"#0"},"east":{"uv":[12.25,0,12.75,0.5],"texture":"#0"},"south":{"uv":[5.75,0,12.25,0.5],"texture":"#0"},"west":{"uv":[12.25,0,12.75,0.5],"texture":"#0"},"up":{"uv":[12.25,0.5,5.75,0],"texture":"#0"},"down":{"uv":[12.25,0,5.75,0.5],"texture":"#0"}}},{"from":[7,0,0],"to":[9,6,2],"faces":{"north":{"uv":[6.25,2.75,6.75,4.25],"texture":"#0"},"east":{"uv":[6.25,2.75,6.75,4.25],"texture":"#0"},"south":{"uv":[6.25,2.75,6.75,4.25],"texture":"#0"},"west":{"uv":[6.25,2.75,6.75,4.25],"texture":"#0"},"down":{"uv":[7.25,2.25,6.75,2.75],"texture":"#0"}}},{"from":[7,1,2],"to":[9,3,14],"rotation":{"angle":0,"axis":"y","origin":[7,1,2]},"faces":{"east":{"uv":[1.75,6.25,4.75,6.75],"texture":"#0"},"south":{"uv":[4.5,4.75,5,5.25],"texture":"#0"},"west":{"uv":[1.75,6.25,4.75,6.75],"texture":"#0"},"up":{"uv":[5.75,4.25,5.25,1.25],"texture":"#0"},"down":{"uv":[5.75,1.25,5.25,4.25],"texture":"#0"}}},{"from":[17,2,15],"to":[19,28,17],"rotation":{"angle":0,"axis":"y","origin":[17,2,15]},"faces":{"north":{"uv":[0,5.25,0.5,11.75],"texture":"#0"},"east":{"uv":[0,5.25,0.5,11.75],"texture":"#0"},"south":{"uv":[0,5.25,0.5,11.75],"texture":"#0"},"west":{"uv":[0,5.25,0.5,11.75],"texture":"#0"},"down":{"uv":[3.75,2.75,3.25,3.25],"texture":"#0"}}},{"from":[-3,28,15],"to":[19,30,17],"rotation":{"angle":0,"axis":"y","origin":[1,6,15]},"faces":{"north":{"uv":[3.25,0.75,8.75,1.25],"texture":"#0"},"east":{"uv":[8.75,0.75,9.25,1.25],"texture":"#0"},"south":{"uv":[3.25,0.75,8.75,1.25],"texture":"#0"},"west":{"uv":[8.75,0.75,9.25,1.25],"texture":"#0"},"up":{"uv":[8.75,1.25,3.25,0.75],"texture":"#0"},"down":{"uv":[8.75,0.75,3.25,1.25],"texture":"#0"}}},{"from":[3,9,10],"to":[13,22,13],"rotation":{"angle":22.5,"axis":"x","origin":[8.5,15.5,11.5]},"faces":{"north":{"uv":[0,0,2.5,3.25],"texture":"#0"},"east":{"uv":[2.5,0,3.25,3.25],"texture":"#0"},"south":{"uv":[0,0,2.5,3.25],"texture":"#0"},"west":{"uv":[2.5,0,3.25,3.25],"texture":"#0"},"up":{"uv":[5.75,0.75,3.25,0],"texture":"#0"},"down":{"uv":[5.75,0,3.25,0.75],"texture":"#0"}}},{"from":[3,6,0],"to":[13,9,8],"rotation":{"angle":0,"axis":"y","origin":[3,6,0]},"faces":{"north":{"uv":[2.5,4,5,4.75],"texture":"#0"},"east":{"uv":[2.5,3.25,4.5,4],"texture":"#0"},"south":{"uv":[2.5,4,5,4.75],"texture":"#0"},"west":{"uv":[2.5,3.25,4.5,4],"texture":"#0"},"up":{"uv":[2.5,5.25,0,3.25],"texture":"#0"},"down":{"uv":[2.5,3.25,0,5.25],"texture":"#0"}}},{"from":[7,1.5,13],"to":[9,14.5,16],"rotation":{"angle":-22.5,"axis":"x","origin":[8,4.5,14.5]},"faces":{"north":{"uv":[1.25,5.25,1.75,8.5],"texture":"#0"},"east":{"uv":[0.5,5.25,1.25,8.5],"texture":"#0"},"south":{"uv":[1.25,5.25,1.75,8.5],"texture":"#0"},"west":{"uv":[0.5,5.25,1.25,8.5],"texture":"#0"},"down":{"uv":[2.25,5.25,1.75,6],"texture":"#0"}}},{"from":[16,22,6.25],"to":[18,24,16.25],"rotation":{"angle":-22.5,"axis":"y","origin":[17,23,11.25]},"faces":{"east":{"uv":[5.75,1.25,8.25,1.75],"texture":"#0"},"west":{"uv":[5.75,1.25,8.25,1.75],"texture":"#0"},"up":{"uv":[6.25,4.25,5.75,1.75],"texture":"#0"},"down":{"uv":[6.25,1.75,5.75,4.25],"texture":"#0"}}},{"from":[20.5,20,6.5],"to":[22.5,26,12.5],"rotation":{"angle":-22.5,"axis":"y","origin":[22.5,20,6.5]},"faces":{"north":{"uv":[4.75,1.25,5.25,2.75],"texture":"#0"},"east":{"uv":[3.25,1.25,4.75,2.75],"texture":"#0"},"south":{"uv":[4.75,1.25,5.25,2.75],"texture":"#0"},"west":{"uv":[3.25,1.25,4.75,2.75],"texture":"#0"},"up":{"uv":[5.25,2.75,4.75,1.25],"texture":"#0"},"down":{"uv":[5.25,1.25,4.75,2.75],"texture":"#0"}}},{"from":[20.5,20,6.5],"to":[22.5,26,12.5],"rotation":{"angle":-22.5,"axis":"y","origin":[22.5,20,6.5]},"faces":{"north":{"uv":[4,4.75,4.5,6.25],"texture":"#0"},"east":{"uv":[2.5,4.75,4,6.25],"texture":"#0"},"south":{"uv":[4,4.75,4.5,6.25],"texture":"#0"},"west":{"uv":[2.5,4.75,4,6.25],"texture":"#0"},"up":{"uv":[4.5,6.25,4,4.75],"texture":"#0"},"down":{"uv":[4.5,4.75,4,6.25],"texture":"#0"}}},{"from":[13,21.5,13.5],"to":[17,24.5,17.5],"rotation":{"angle":0,"axis":"y","origin":[14,21.5,15.5]},"faces":{"north":{"uv":[1.75,6.75,2.75,7.5],"texture":"#0"},"east":{"uv":[1.75,6.75,2.75,7.5],"texture":"#0"},"south":{"uv":[1.75,6.75,2.75,7.5],"texture":"#0"},"west":{"uv":[1.75,6.75,2.75,7.5],"texture":"#0"},"up":{"uv":[3.75,7.75,2.75,6.75],"texture":"#0"},"down":{"uv":[3.75,6.75,2.75,7.75],"texture":"#0"}}},{"from":[-3,2,15],"to":[-1,28,17],"rotation":{"angle":0,"axis":"y","origin":[-1,2,15]},"faces":{"north":{"uv":[0.5,5.25,0,11.75],"texture":"#0"},"east":{"uv":[0.5,5.25,0,11.75],"texture":"#0"},"south":{"uv":[0.5,5.25,0,11.75],"texture":"#0"},"west":{"uv":[0.5,5.25,0,11.75],"texture":"#0"},"down":{"uv":[3.25,2.75,3.75,3.25],"texture":"#0"}}},{"from":[-1,21.5,13.5],"to":[3,24.5,17.5],"rotation":{"angle":0,"axis":"y","origin":[2,21.5,15.5]},"faces":{"north":{"uv":[2.75,6.75,1.75,7.5],"texture":"#0"},"east":{"uv":[2.75,6.75,1.75,7.5],"texture":"#0"},"south":{"uv":[2.75,6.75,1.75,7.5],"texture":"#0"},"west":{"uv":[2.75,6.75,1.75,7.5],"texture":"#0"},"up":{"uv":[2.75,7.75,3.75,6.75],"texture":"#0"},"down":{"uv":[2.75,6.75,3.75,7.75],"texture":"#0"}}},{"from":[-0.59466,22,-0.81514],"to":[1.40534,24,9.18486],"rotation":{"angle":-45,"axis":"y","origin":[0.40534,23,4.18486]},"faces":{"north":{"uv":[6.75,2.25,6.25,2.75],"texture":"#0"},"east":{"uv":[8.75,1.75,6.25,2.25],"texture":"#0"},"west":{"uv":[6.25,1.75,8.75,2.25],"texture":"#0"},"up":{"uv":[5.25,6.75,5.75,4.25],"texture":"#0"},"down":{"uv":[5.25,4.25,5.75,6.75],"texture":"#0"}}},{"from":[-2,22,6.25],"to":[0,24,16.25],"rotation":{"angle":22.5,"axis":"y","origin":[-1,23,11.25]},"faces":{"east":{"uv":[8.25,1.25,5.75,1.75],"texture":"#0"},"west":{"uv":[8.25,1.25,5.75,1.75],"texture":"#0"},"up":{"uv":[5.75,4.25,6.25,1.75],"texture":"#0"},"down":{"uv":[5.75,1.75,6.25,4.25],"texture":"#0"}}},{"from":[-6.5,20,6.5],"to":[-4.5,26,12.5],"rotation":{"angle":22.5,"axis":"y","origin":[-6.5,20,6.5]},"faces":{"north":{"uv":[5.25,1.25,4.75,2.75],"texture":"#0"},"east":{"uv":[4.75,1.25,3.25,2.75],"texture":"#0"},"south":{"uv":[5.25,1.25,4.75,2.75],"texture":"#0"},"west":{"uv":[4.75,1.25,3.25,2.75],"texture":"#0"},"up":{"uv":[4.75,2.75,5.25,1.25],"texture":"#0"},"down":{"uv":[4.75,1.25,5.25,2.75],"texture":"#0"}}},{"from":[13,21.5,13.5],"to":[17,24.5,17.5],"rotation":{"angle":0,"axis":"y","origin":[14,21.5,15.5]},"faces":{"north":{"uv":[1.75,6.75,2.75,7.5],"texture":"#0"},"east":{"uv":[1.75,6.75,2.75,7.5],"texture":"#0"},"south":{"uv":[1.75,6.75,2.75,7.5],"texture":"#0"},"west":{"uv":[1.75,6.75,2.75,7.5],"texture":"#0"},"up":{"uv":[3.75,7.75,2.75,6.75],"texture":"#0"},"down":{"uv":[3.75,6.75,2.75,7.75],"texture":"#0"}}},{"from":[16,22,6.25],"to":[18,24,16.25],"rotation":{"angle":-22.5,"axis":"y","origin":[17,23,11.25]},"faces":{"east":{"uv":[5.75,1.25,8.25,1.75],"texture":"#0"},"west":{"uv":[5.75,1.25,8.25,1.75],"texture":"#0"},"up":{"uv":[6.25,4.25,5.75,1.75],"texture":"#0"},"down":{"uv":[6.25,1.75,5.75,4.25],"texture":"#0"}}},{"from":[14.59466,22,-0.81514],"to":[16.59466,24,9.18486],"rotation":{"angle":45,"axis":"y","origin":[15.59466,23,4.18486]},"faces":{"north":{"uv":[6.25,2.25,6.75,2.75],"texture":"#0"},"east":{"uv":[8.75,1.75,6.25,2.25],"texture":"#0"},"west":{"uv":[6.25,1.75,8.75,2.25],"texture":"#0"},"up":{"uv":[5.75,6.75,5.25,4.25],"texture":"#0"},"down":{"uv":[5.75,4.25,5.25,6.75],"texture":"#0"}}},{"from":[20.5,20,6.5],"to":[22.5,26,12.5],"rotation":{"angle":-22.5,"axis":"y","origin":[22.5,20,6.5]},"faces":{"north":{"uv":[4.75,1.25,5.25,2.75],"texture":"#0"},"east":{"uv":[3.25,1.25,4.75,2.75],"texture":"#0"},"south":{"uv":[4.75,1.25,5.25,2.75],"texture":"#0"},"west":{"uv":[3.25,1.25,4.75,2.75],"texture":"#0"},"up":{"uv":[5.25,2.75,4.75,1.25],"texture":"#0"},"down":{"uv":[5.25,1.25,4.75,2.75],"texture":"#0"}}}],"gui_light":"front","display":{"thirdperson_righthand":{"rotation":[67.5,0,0],"translation":[0,1.5,0],"scale":[0.19,0.19,0.19]},"thirdperson_lefthand":{"rotation":[67.5,0,0],"translation":[0,1.5,0],"scale":[0.19,0.19,0.19]},"firstperson_righthand":{"translation":[-2,2.5,0],"scale":[0.29938,0.29938,0.29938]},"firstperson_lefthand":{"translation":[-2,2.5,0],"scale":[0.29938,0.29938,0.29938]},"ground":{"translation":[0,1,0],"scale":[0.33,0.33,0.33]},"gui":{"rotation":[28,148,0],"translation":[-0.5,-3.25,0],"scale":[0.40258,0.40258,0.40258]},"head":{"translation":[0,3,14.75],"scale":[0,0,0]},"fixed":{"rotation":[-90,0,0],"translation":[0,-11,-24],"scale":[3,3,3]}}}