{"credit":"MadewithBlockbench","texture_size":[32,32],"textures":{"0":"elitecreatures:gym_decoration_v1/gym_machine_2","particle":"elitecreatures:gym_decoration_v1/gym_machine_2"},"elements":[{"from":[4,0,2],"to":[6,26,4],"rotation":{"angle":0,"axis":"y","origin":[0,0,2]},"faces":{"north":{"uv":[0,0,1,13],"texture":"#0"},"east":{"uv":[0,0,1,13],"texture":"#0"},"south":{"uv":[0,0,1,13],"texture":"#0"},"west":{"uv":[0,0,1,13],"texture":"#0"},"up":{"uv":[4.5,3,3.5,2],"texture":"#0"},"down":{"uv":[4.5,2,3.5,3],"texture":"#0"}}},{"from":[-1,2,1],"to":[2,3,5],"rotation":{"angle":0,"axis":"y","origin":[0,0,2]},"faces":{"north":{"uv":[3.5,3.5,5,4],"texture":"#0"},"east":{"uv":[3.5,3.5,5.5,3],"texture":"#0"},"south":{"uv":[3.5,3.5,5,4],"texture":"#0"},"west":{"uv":[3.5,3,5.5,3.5],"texture":"#0"},"up":{"uv":[4,9.5,2.5,7.5],"texture":"#0"},"down":{"uv":[4,7.5,2.5,9.5],"texture":"#0"}}},{"from":[2,2,2],"to":[3,24,4],"rotation":{"angle":0,"axis":"y","origin":[0,0,2]},"faces":{"north":{"uv":[1,0,1.5,11],"texture":"#0"},"east":{"uv":[1.5,2,2.5,13],"texture":"#0"},"south":{"uv":[1,0,1.5,11],"texture":"#0"},"west":{"uv":[1.5,2,2.5,13],"texture":"#0"},"up":{"uv":[1.5,12,1,11],"texture":"#0"},"down":{"uv":[1.5,11,1,12],"texture":"#0"}}},{"from":[2,24,1],"to":[4,26,5],"rotation":{"angle":0,"axis":"y","origin":[0,0,2]},"faces":{"north":{"uv":[1.5,0,2.5,1],"texture":"#0"},"east":{"uv":[1.5,1,3.5,2],"texture":"#0"},"south":{"uv":[1.5,0,2.5,1],"texture":"#0"},"west":{"uv":[1.5,1,3.5,2],"texture":"#0"},"up":{"uv":[3.5,4,2.5,2],"texture":"#0"},"down":{"uv":[3.5,2,2.5,4],"texture":"#0"}}},{"from":[4,27.62132,3.32843],"to":[6,28.62132,10.32843],"rotation":{"angle":-45,"axis":"x","origin":[5,28.12132,6.82843]},"faces":{"north":{"uv":[4.5,2,5.5,2.5],"texture":"#0"},"east":{"uv":[3.5,1.5,7,2],"texture":"#0"},"south":{"uv":[4.5,2,5.5,2.5],"texture":"#0"},"west":{"uv":[3.5,1.5,7,2],"texture":"#0"},"up":{"uv":[3.5,7.5,2.5,4],"texture":"#0"},"down":{"uv":[3.5,4,2.5,7.5],"texture":"#0"}}},{"from":[-14,27.62132,3.32843],"to":[-12,28.62132,10.32843],"rotation":{"angle":-45,"axis":"x","origin":[-13,28.12132,6.82843]},"faces":{"north":{"uv":[5.5,2,4.5,2.5],"texture":"#0"},"east":{"uv":[7,1.5,3.5,2],"texture":"#0"},"south":{"uv":[5.5,2,4.5,2.5],"texture":"#0"},"west":{"uv":[3.5,1.5,7,2],"texture":"#0"},"up":{"uv":[2.5,7.5,3.5,4],"texture":"#0"},"down":{"uv":[2.5,4,3.5,7.5],"texture":"#0"}}},{"from":[-14,0,2],"to":[-12,26,4],"rotation":{"angle":0,"axis":"y","origin":[-8,0,2]},"faces":{"north":{"uv":[1,0,0,13],"texture":"#0"},"east":{"uv":[1,0,0,13],"texture":"#0"},"south":{"uv":[1,0,0,13],"texture":"#0"},"west":{"uv":[1,0,0,13],"texture":"#0"},"up":{"uv":[3.5,3,4.5,2],"texture":"#0"},"down":{"uv":[3.5,2,4.5,3],"texture":"#0"}}},{"from":[-12,24,1],"to":[-10,26,5],"rotation":{"angle":0,"axis":"y","origin":[-8,0,2]},"faces":{"north":{"uv":[2.5,0,1.5,1],"texture":"#0"},"east":{"uv":[3.5,1,1.5,2],"texture":"#0"},"south":{"uv":[2.5,0,1.5,1],"texture":"#0"},"west":{"uv":[3.5,1,1.5,2],"texture":"#0"},"up":{"uv":[2.5,4,3.5,2],"texture":"#0"},"down":{"uv":[2.5,2,3.5,4],"texture":"#0"}}},{"from":[-11,2,2],"to":[-10,24,4],"rotation":{"angle":0,"axis":"y","origin":[-8,0,2]},"faces":{"north":{"uv":[1.5,0,1,11],"texture":"#0"},"east":{"uv":[2.5,2,1.5,13],"texture":"#0"},"south":{"uv":[1.5,0,1,11],"texture":"#0"},"west":{"uv":[2.5,2,1.5,13],"texture":"#0"},"up":{"uv":[1,12,1.5,11],"texture":"#0"},"down":{"uv":[1,11,1.5,12],"texture":"#0"}}},{"from":[-10,2,1],"to":[-7,3,5],"rotation":{"angle":0,"axis":"y","origin":[-8,0,2]},"faces":{"north":{"uv":[5,3.5,3.5,4],"texture":"#0"},"east":{"uv":[5.5,3,3.5,3.5],"texture":"#0"},"south":{"uv":[5,3.5,3.5,4],"texture":"#0"},"west":{"uv":[5.5,3,3.5,3.5],"texture":"#0"},"up":{"uv":[2.5,9.5,4,7.5],"texture":"#0"},"down":{"uv":[2.5,7.5,4,9.5],"texture":"#0"}}},{"from":[-12,27.62132,8.32843],"to":[4,28.62132,10.32843],"rotation":{"angle":-45,"axis":"x","origin":[5,28.12132,6.82843]},"faces":{"north":{"uv":[3.5,1,11.5,1.5],"texture":"#0"},"east":{"uv":[4.5,2.5,5.5,3],"texture":"#0"},"south":{"uv":[3.5,1,11.5,1.5],"texture":"#0"},"west":{"uv":[4.5,2.5,5.5,3],"texture":"#0"},"up":{"uv":[10.5,1,2.5,0],"texture":"#0"},"down":{"uv":[10.5,0,2.5,1],"texture":"#0"}}}],"gui_light":"front","display":{"thirdperson_righthand":{"rotation":[67.5,0,0],"translation":[2.5,-0.75,0.25],"scale":[0.20367,0.20367,0.20367]},"thirdperson_lefthand":{"rotation":[67.5,0,0],"translation":[-2.5,-0.75,0.25],"scale":[0.20367,0.20367,0.20367]},"firstperson_righthand":{"rotation":[0,180,0],"translation":[-7,1.25,0],"scale":[0.41656,0.41656,0.41656]},"firstperson_lefthand":{"rotation":[0,180,0],"translation":[3,1.25,0],"scale":[0.41656,0.41656,0.41656]},"ground":{"translation":[4,1,1],"scale":[0.33,0.33,0.33]},"gui":{"rotation":[28,148,0],"translation":[-3.5,-1.25,0],"scale":[0.42602,0.42602,0.42602]},"head":{"translation":[0,3,14.75],"scale":[0,0,0]},"fixed":{"rotation":[-90,0,0],"translation":[34.25,15.25,-22.5],"scale":[2.8,2.8,2.8]}}}