{"credit":"MadewithBlockbench","texture_size":[64,64],"textures":{"0":"elitecreatures:gym_decoration_v1/gym_machine_7","particle":"elitecreatures:gym_decoration_v1/gym_machine_7"},"elements":[{"from":[3,-3,0],"to":[13,0,16],"faces":{"north":{"uv":[2.5,0.75,5,1.5],"texture":"#0"},"east":{"uv":[2.5,0,6.5,0.75],"texture":"#0"},"south":{"uv":[2.5,0.75,5,1.5],"texture":"#0"},"west":{"uv":[2.5,0,6.5,0.75],"texture":"#0"},"up":{"uv":[2.5,4,0,0],"texture":"#0"},"down":{"uv":[2.5,0,0,4],"texture":"#0"}}},{"from":[7,-5,-2],"to":[9,-3,16],"faces":{"north":{"uv":[2,7.25,2.5,7.75],"texture":"#0"},"east":{"uv":[3,4,7.5,4.5],"texture":"#0"},"south":{"uv":[10,0.5,10.5,1],"texture":"#0"},"west":{"uv":[3,4,7.5,4.5],"texture":"#0"},"up":{"uv":[11.75,4.5,11.25,0],"texture":"#0"},"down":{"uv":[11.75,0,11.25,4.5],"texture":"#0"}}},{"from":[7,-9,-2],"to":[9,-5,0],"faces":{"north":{"uv":[9.5,0,10,1],"texture":"#0"},"east":{"uv":[9.5,0,10,1],"texture":"#0"},"south":{"uv":[9.5,0,10,1],"texture":"#0"},"west":{"uv":[9.5,0,10,1],"texture":"#0"}}},{"from":[7,-9,16],"to":[9,5,18],"faces":{"north":{"uv":[7.5,2.5,8,6],"texture":"#0"},"east":{"uv":[7.5,2.5,8,6],"texture":"#0"},"south":{"uv":[7.5,2.5,8,6],"texture":"#0"},"west":{"uv":[7.5,2.5,8,6],"texture":"#0"},"up":{"uv":[7.5,3,7,2.5],"texture":"#0"}}},{"from":[9,1.5,16],"to":[11,3.5,18],"faces":{"north":{"uv":[2,6.75,2.5,7.25],"texture":"#0"},"south":{"uv":[2,6.75,2.5,7.25],"texture":"#0"},"up":{"uv":[2.5,7.25,2,6.75],"texture":"#0"},"down":{"uv":[2.5,6.75,2,7.25],"texture":"#0"}}},{"from":[11,1,15.5],"to":[17,4,18.5],"faces":{"north":{"uv":[11.75,0.5,13.25,1.25],"texture":"#0"},"east":{"uv":[13.25,0.5,14,1.25],"texture":"#0"},"south":{"uv":[11.75,0.5,13.25,1.25],"texture":"#0"},"west":{"uv":[13.25,0.5,14,1.25],"texture":"#0"},"up":{"uv":[13.25,1.25,11.75,0.5],"texture":"#0"},"down":{"uv":[13.25,0.5,11.75,1.25],"texture":"#0"}}},{"from":[-1,1,15.5],"to":[5,4,18.5],"rotation":{"angle":0,"axis":"y","origin":[16,0,0]},"faces":{"north":{"uv":[13.25,0.5,11.75,1.25],"texture":"#0"},"east":{"uv":[14,0.5,13.25,1.25],"texture":"#0"},"south":{"uv":[13.25,0.5,11.75,1.25],"texture":"#0"},"west":{"uv":[14,0.5,13.25,1.25],"texture":"#0"},"up":{"uv":[11.75,1.25,13.25,0.5],"texture":"#0"},"down":{"uv":[11.75,0.5,13.25,1.25],"texture":"#0"}}},{"from":[5,1.5,16],"to":[7,3.5,18],"rotation":{"angle":0,"axis":"y","origin":[16,0,0]},"faces":{"north":{"uv":[2.5,6.75,2,7.25],"texture":"#0"},"south":{"uv":[2.5,6.75,2,7.25],"texture":"#0"},"up":{"uv":[2,7.25,2.5,6.75],"texture":"#0"},"down":{"uv":[2,6.75,2.5,7.25],"texture":"#0"}}},{"from":[7,-11,-2],"to":[9,-9,20],"faces":{"north":{"uv":[10,0,10.5,0.5],"texture":"#0"},"east":{"uv":[5.75,1,11.25,1.5],"texture":"#0"},"south":{"uv":[10,0,10.5,0.5],"texture":"#0"},"west":{"uv":[11.25,1,5.75,1.5],"texture":"#0"},"up":{"uv":[0.5,14.25,0,8.75],"texture":"#0"},"down":{"uv":[0.5,8.75,0,14.25],"texture":"#0"}}},{"from":[16,-11,20],"to":[18,21,22],"faces":{"north":{"uv":[4,4.5,4.5,12.5],"texture":"#0"},"east":{"uv":[4,4.5,4.5,12.5],"texture":"#0"},"south":{"uv":[4,4.5,4.5,12.5],"texture":"#0"},"west":{"uv":[4,4.5,4.5,12.5],"texture":"#0"},"up":{"uv":[2.5,6.75,2,6.25],"texture":"#0"},"down":{"uv":[2.5,6.25,2,6.75],"texture":"#0"}}},{"from":[-2,-11,20],"to":[0,21,22],"rotation":{"angle":0,"axis":"y","origin":[16,0,0]},"faces":{"north":{"uv":[4.5,4.5,4,12.5],"texture":"#0"},"east":{"uv":[4.5,4.5,4,12.5],"texture":"#0"},"south":{"uv":[4.5,4.5,4,12.5],"texture":"#0"},"west":{"uv":[4.5,4.5,4,12.5],"texture":"#0"},"up":{"uv":[2,6.75,2.5,6.25],"texture":"#0"},"down":{"uv":[2,6.25,2.5,6.75],"texture":"#0"}}},{"from":[0,8,20],"to":[16,10,22],"faces":{"north":{"uv":[11.75,0,15.75,0.5],"texture":"#0"},"south":{"uv":[11.75,0,15.75,0.5],"texture":"#0"},"up":{"uv":[15.75,0.5,11.75,0],"texture":"#0"},"down":{"uv":[15.75,0,11.75,0.5],"texture":"#0"}}},{"from":[0,-11,20],"to":[16,-9,22],"rotation":{"angle":0,"axis":"y","origin":[0,16,0]},"faces":{"north":{"uv":[11.75,0.5,15.75,0],"texture":"#0"},"south":{"uv":[11.75,0.5,15.75,0],"texture":"#0"},"up":{"uv":[15.75,0.5,11.75,0],"texture":"#0"},"down":{"uv":[15.75,0,11.75,0.5],"texture":"#0"}}},{"from":[0,14,20],"to":[16,21,22],"faces":{"north":{"uv":[3,2.25,7,4],"texture":"#0"},"south":{"uv":[3,2.25,7,4],"texture":"#0"},"up":{"uv":[11,2,7,1.5],"texture":"#0"},"down":{"uv":[11,1.5,7,2],"texture":"#0"}}},{"from":[7,25,4],"to":[9,28,20],"faces":{"north":{"uv":[6.5,1.5,7,2.25],"texture":"#0"},"east":{"uv":[2.5,1.5,6.5,2.25],"texture":"#0"},"south":{"uv":[6.5,1.5,7,2.25],"texture":"#0"},"west":{"uv":[2.5,1.5,6.5,2.25],"texture":"#0"},"up":{"uv":[3,6.25,2.5,2.25],"texture":"#0"},"down":{"uv":[3,2.25,2.5,6.25],"texture":"#0"}}},{"from":[7,21,20],"to":[9,28,22],"faces":{"north":{"uv":[2,4,2.5,5.75],"texture":"#0"},"east":{"uv":[2,4,2.5,5.75],"texture":"#0"},"south":{"uv":[2,4,2.5,5.75],"texture":"#0"},"west":{"uv":[2,4,2.5,5.75],"texture":"#0"},"up":{"uv":[2.5,6.25,2,5.75],"texture":"#0"}}},{"from":[7,22,6],"to":[9,25,8],"faces":{"north":{"uv":[2.5,6.25,3,7],"texture":"#0"},"east":{"uv":[2.5,6.25,3,7],"texture":"#0"},"south":{"uv":[2.5,6.25,3,7],"texture":"#0"},"west":{"uv":[2.5,6.25,3,7],"texture":"#0"}}},{"from":[2,20,6],"to":[14,22,8],"faces":{"north":{"uv":[7,2,10,2.5],"texture":"#0"},"south":{"uv":[7,2,10,2.5],"texture":"#0"},"up":{"uv":[10,2.5,7,2],"texture":"#0"},"down":{"uv":[10,2,7,2.5],"texture":"#0"}}},{"from":[12.25,17.5,5.25],"to":[24.25,20.5,8.25],"rotation":{"angle":-22.5,"axis":"z","origin":[18.25,19,6.75]},"faces":{"north":{"uv":[6.5,0,9.5,0.75],"texture":"#0"},"east":{"uv":[5,0.75,5.75,1.5],"texture":"#0"},"south":{"uv":[6.5,0,9.5,0.75],"texture":"#0"},"west":{"uv":[5,0.75,5.75,1.5],"texture":"#0"},"up":{"uv":[9.5,0.75,6.5,0],"texture":"#0"},"down":{"uv":[9.5,0,6.5,0.75],"texture":"#0"}}},{"from":[-8.25,17.5,5.25],"to":[3.75,20.5,8.25],"rotation":{"angle":22.5,"axis":"z","origin":[-2.25,19,6.75]},"faces":{"north":{"uv":[9.5,0,6.5,0.75],"texture":"#0"},"east":{"uv":[5.75,0.75,5,1.5],"texture":"#0"},"south":{"uv":[9.5,0,6.5,0.75],"texture":"#0"},"west":{"uv":[5.75,0.75,5,1.5],"texture":"#0"},"up":{"uv":[6.5,0.75,9.5,0],"texture":"#0"},"down":{"uv":[6.5,0,9.5,0.75],"texture":"#0"}}},{"from":[10,-9,20],"to":[16,8,22],"rotation":{"angle":0,"axis":"y","origin":[10,-2,0]},"faces":{"north":{"uv":[0,4,1.5,8.25],"texture":"#0"},"east":{"uv":[1.5,4,2,8.25],"texture":"#0"},"south":{"uv":[0,4,1.5,8.25],"texture":"#0"},"west":{"uv":[1.5,4,2,8.25],"texture":"#0"},"up":{"uv":[1.5,8.75,0,8.25],"texture":"#0"},"down":{"uv":[1.5,8.25,0,8.75],"texture":"#0"}}},{"from":[0,-9,20],"to":[6,8,22],"rotation":{"angle":0,"axis":"y","origin":[6,-2,0]},"faces":{"north":{"uv":[1.5,4,0,8.25],"texture":"#0"},"east":{"uv":[2,4,1.5,8.25],"texture":"#0"},"south":{"uv":[1.5,4,0,8.25],"texture":"#0"},"west":{"uv":[2,4,1.5,8.25],"texture":"#0"},"up":{"uv":[0,8.75,1.5,8.25],"texture":"#0"},"down":{"uv":[0,8.25,1.5,8.75],"texture":"#0"}}},{"from":[6,-9,21],"to":[10,8,21],"rotation":{"angle":0,"axis":"y","origin":[5,-2,0.5]},"faces":{"north":{"uv":[3,4.5,4,8.75],"texture":"#0"},"south":{"uv":[3,4.5,4,8.75],"texture":"#0"},"up":{"uv":[6.75,1,5.75,0.75],"texture":"#0"},"down":{"uv":[6.75,0.75,5.75,1],"texture":"#0"}}}],"gui_light":"front","display":{"thirdperson_righthand":{"rotation":[67.5,0,0],"translation":[0,3,0.25],"scale":[0.19,0.19,0.19]},"thirdperson_lefthand":{"rotation":[67.5,0,0],"translation":[0,3,0.25],"scale":[0.19,0.19,0.19]},"firstperson_righthand":{"translation":[-2.5,4.5,0],"scale":[0.2818,0.2818,0.2818]},"firstperson_lefthand":{"translation":[-2.5,4.5,0],"scale":[0.2818,0.2818,0.2818]},"ground":{"translation":[0,1,0],"scale":[0.33,0.33,0.33]},"gui":{"rotation":[28,148,0],"translation":[-0.5,-0.5,0],"scale":[0.34008,0.34008,0.34008]},"head":{"translation":[0,3,14.75],"scale":[0,0,0]},"fixed":{"rotation":[-90,0,0],"translation":[0,-23.25,-52.75],"scale":[2.8,2.8,2.8]}}}