{"credit":"MadewithBlockbench","texture_size":[64,64],"textures":{"0":"elitecreatures:gym_decoration_v1/gym_machine_8","particle":"elitecreatures:gym_decoration_v1/gym_machine_8"},"elements":[{"from":[16,0,11],"to":[18,32,13],"rotation":{"angle":0,"axis":"y","origin":[16,0,11]},"faces":{"north":{"uv":[2.5,0.75,3,8.75],"texture":"#0"},"east":{"uv":[2.5,0.75,3,8.75],"texture":"#0"},"south":{"uv":[2.5,0.75,3,8.75],"texture":"#0"},"west":{"uv":[2.5,0.75,3,8.75],"texture":"#0"},"up":{"uv":[3.5,1.25,3,0.75],"texture":"#0"},"down":{"uv":[3.5,0.75,3,1.25],"texture":"#0"}}},{"from":[3,6,-14.5],"to":[13,9,17.5],"rotation":{"angle":0,"axis":"y","origin":[13,6,-14.5]},"faces":{"north":{"uv":[2.5,0,5,0.75],"texture":"#0"},"east":{"uv":[13,0,5,0.75],"texture":"#0"},"south":{"uv":[2.5,0,5,0.75],"texture":"#0"},"west":{"uv":[5,0,13,0.75],"texture":"#0"},"up":{"uv":[2.5,8,0,0],"texture":"#0"},"down":{"uv":[2.5,0,0,8],"texture":"#0"}}},{"from":[7,0.75,-14.5],"to":[9,6.75,-12.5],"rotation":{"angle":22.5,"axis":"x","origin":[8,4.25,-13.5]},"faces":{"north":{"uv":[3,3.25,3.5,4.75],"texture":"#0"},"east":{"uv":[3,3.25,3.5,4.75],"texture":"#0"},"south":{"uv":[3,3.25,3.5,4.75],"texture":"#0"},"west":{"uv":[3,3.25,3.5,4.75],"texture":"#0"}}},{"from":[6,0,-16],"to":[10,2,-13],"rotation":{"angle":0,"axis":"y","origin":[6,1,-14]},"faces":{"north":{"uv":[7.25,1.75,8.25,2.25],"texture":"#0"},"east":{"uv":[6.25,2.5,7,3],"texture":"#0"},"south":{"uv":[7.25,1.75,8.25,2.25],"texture":"#0"},"west":{"uv":[6.25,2.5,7,3],"texture":"#0"},"up":{"uv":[7.25,2.5,6.25,1.75],"texture":"#0"},"down":{"uv":[7.25,1.75,6.25,2.5],"texture":"#0"}}},{"from":[0,2,11],"to":[16,4,13],"rotation":{"angle":0,"axis":"y","origin":[0,2,12]},"faces":{"north":{"uv":[5.25,0.75,9.25,1.25],"texture":"#0"},"south":{"uv":[5.25,0.75,9.25,1.25],"texture":"#0"},"up":{"uv":[9.25,1.25,5.25,0.75],"texture":"#0"},"down":{"uv":[9.25,0.75,5.25,1.25],"texture":"#0"}}},{"from":[16,0,20],"to":[18,21,22],"rotation":{"angle":0,"axis":"y","origin":[16,0,20]},"faces":{"north":{"uv":[3,4.75,3.5,10],"texture":"#0"},"east":{"uv":[3,4.75,3.5,10],"texture":"#0"},"south":{"uv":[3,4.75,3.5,10],"texture":"#0"},"west":{"uv":[3,4.75,3.5,10],"texture":"#0"},"up":{"uv":[4,3.75,3.5,3.25],"texture":"#0"},"down":{"uv":[4,3.25,3.5,3.75],"texture":"#0"}}},{"from":[16,18,13],"to":[18,21,20],"rotation":{"angle":0,"axis":"y","origin":[16,0,18]},"faces":{"east":{"uv":[3.5,3.75,5.25,4.5],"texture":"#0"},"west":{"uv":[3.5,3.75,5.25,4.5],"texture":"#0"},"up":{"uv":[4,6.25,3.5,4.5],"texture":"#0"},"down":{"uv":[4,4.5,3.5,6.25],"texture":"#0"}}},{"from":[16,2,13],"to":[18,4,20],"rotation":{"angle":0,"axis":"y","origin":[16,2,19]},"faces":{"east":{"uv":[3.5,0.75,5.25,1.25],"texture":"#0"},"west":{"uv":[3.5,0.75,5.25,1.25],"texture":"#0"},"up":{"uv":[6.25,3,5.75,1.25],"texture":"#0"},"down":{"uv":[6.25,1.25,5.75,3],"texture":"#0"}}},{"from":[-7,21,14],"to":[23,23,16],"rotation":{"angle":0,"axis":"y","origin":[0,21,14]},"faces":{"north":{"uv":[6.25,1.25,13.75,1.75],"texture":"#0"},"south":{"uv":[6.25,1.25,13.75,1.75],"texture":"#0"},"up":{"uv":[13.75,1.75,6.25,1.25],"texture":"#0"},"down":{"uv":[13.75,1.25,6.25,1.75],"texture":"#0"}}},{"from":[23,18,11],"to":[26,26,19],"rotation":{"angle":0,"axis":"y","origin":[23,18,11]},"faces":{"north":{"uv":[5,1.25,5.75,3.25],"texture":"#0"},"east":{"uv":[3,1.25,5,3.25],"texture":"#0"},"south":{"uv":[5,1.25,5.75,3.25],"texture":"#0"},"west":{"uv":[3,1.25,5,3.25],"texture":"#0"},"up":{"uv":[5.75,3.25,5,1.25],"texture":"#0"},"down":{"uv":[5.75,1.25,5,3.25],"texture":"#0"}}},{"from":[-2,0,20],"to":[0,21,22],"rotation":{"angle":0,"axis":"y","origin":[0,0,20]},"faces":{"north":{"uv":[3.5,4.75,3,10],"texture":"#0"},"east":{"uv":[3.5,4.75,3,10],"texture":"#0"},"south":{"uv":[3.5,4.75,3,10],"texture":"#0"},"west":{"uv":[3.5,4.75,3,10],"texture":"#0"},"up":{"uv":[3.5,3.75,4,3.25],"texture":"#0"},"down":{"uv":[3.5,3.25,4,3.75],"texture":"#0"}}},{"from":[-2,0,11],"to":[0,32,13],"rotation":{"angle":0,"axis":"y","origin":[0,0,11]},"faces":{"north":{"uv":[3,0.75,2.5,8.75],"texture":"#0"},"east":{"uv":[3,0.75,2.5,8.75],"texture":"#0"},"south":{"uv":[3,0.75,2.5,8.75],"texture":"#0"},"west":{"uv":[3,0.75,2.5,8.75],"texture":"#0"},"up":{"uv":[3,1.25,3.5,0.75],"texture":"#0"},"down":{"uv":[3,0.75,3.5,1.25],"texture":"#0"}}},{"from":[-2,18,13],"to":[0,21,20],"rotation":{"angle":0,"axis":"y","origin":[0,0,18]},"faces":{"east":{"uv":[5.25,3.75,3.5,4.5],"texture":"#0"},"west":{"uv":[5.25,3.75,3.5,4.5],"texture":"#0"},"up":{"uv":[3.5,6.25,4,4.5],"texture":"#0"},"down":{"uv":[3.5,4.5,4,6.25],"texture":"#0"}}},{"from":[-2,2,13],"to":[0,4,20],"rotation":{"angle":0,"axis":"y","origin":[0,2,19]},"faces":{"east":{"uv":[5.25,0.75,3.5,1.25],"texture":"#0"},"west":{"uv":[5.25,0.75,3.5,1.25],"texture":"#0"},"up":{"uv":[5.75,3,6.25,1.25],"texture":"#0"},"down":{"uv":[5.75,1.25,6.25,3],"texture":"#0"}}},{"from":[-10,18,11],"to":[-7,26,19],"rotation":{"angle":0,"axis":"y","origin":[-7,18,11]},"faces":{"north":{"uv":[5.75,1.25,5,3.25],"texture":"#0"},"east":{"uv":[5,1.25,3,3.25],"texture":"#0"},"south":{"uv":[5.75,1.25,5,3.25],"texture":"#0"},"west":{"uv":[5,1.25,3,3.25],"texture":"#0"},"up":{"uv":[5,3.25,5.75,1.25],"texture":"#0"},"down":{"uv":[5,1.25,5.75,3.25],"texture":"#0"}}},{"from":[6,4,11],"to":[11,6,13],"rotation":{"angle":0,"axis":"y","origin":[0,4,12]},"faces":{"north":{"uv":[7,2.5,8.25,3],"texture":"#0"},"east":{"uv":[8.25,1.75,8.75,2.25],"texture":"#0"},"south":{"uv":[7,2.5,8.25,3],"texture":"#0"},"west":{"uv":[8.25,1.75,8.75,2.25],"texture":"#0"}}}],"gui_light":"front","display":{"thirdperson_righthand":{"rotation":[67.5,0,0],"translation":[0,2.5,0.75],"scale":[0.19,0.19,0.19]},"thirdperson_lefthand":{"rotation":[67.5,0,0],"translation":[0,2.5,0.75],"scale":[0.19,0.19,0.19]},"firstperson_righthand":{"translation":[-2.25,3.5,0],"scale":[0.27789,0.27789,0.27789]},"firstperson_lefthand":{"translation":[-2.25,3.5,0],"scale":[0.27789,0.27789,0.27789]},"ground":{"translation":[0,1,1.5],"scale":[0.33,0.33,0.33]},"gui":{"rotation":[28,148,0],"translation":[-0.5,-1.5,0],"scale":[0.34984,0.34984,0.34984]},"head":{"translation":[0,3,14.75],"scale":[0,0,0]},"fixed":{"rotation":[-90,0,0],"translation":[0,-25.5,-24],"scale":[3,3,3]}}}