{"credit":"MadewithBlockbench","texture_size":[64,64],"textures":{"0":"elitecreatures:gym_decoration_v1/gym_machine_14","particle":"elitecreatures:gym_decoration_v1/gym_machine_14"},"elements":[{"from":[0,0,-9],"to":[1,3,16],"faces":{"north":{"uv":[3.75,0,4,0.75],"texture":"#0"},"east":{"uv":[4,5.75,10.25,6.5],"texture":"#0"},"south":{"uv":[3.75,0,4,0.75],"texture":"#0"},"west":{"uv":[4,5.75,10.25,6.5],"texture":"#0"},"up":{"uv":[3.75,6.25,3.5,0],"texture":"#0"},"down":{"uv":[3.75,0,3.5,6.25],"texture":"#0"}}},{"from":[1,0,-9],"to":[15,3,-7],"faces":{"north":{"uv":[5,4.375,8.5,5.125],"texture":"#0"},"east":{"uv":[4.5,4.375,5,5.125],"texture":"#0"},"south":{"uv":[5,4.375,8.5,5.125],"texture":"#0"},"west":{"uv":[4.5,4.375,5,5.125],"texture":"#0"},"up":{"uv":[7.5,5.625,4,5.125],"texture":"#0"},"down":{"uv":[7.5,5.125,4,5.625],"texture":"#0"}}},{"from":[1,0,-7],"to":[15,2,16],"faces":{"south":{"uv":[3.5,7.25,0,7.75],"texture":"#0"},"up":{"uv":[3.5,5.75,0,0],"texture":"#0"},"down":{"uv":[3.5,0,0,5.75],"texture":"#0"}}},{"from":[1,2,-8],"to":[2,20,-6],"faces":{"north":{"uv":[3.75,0.75,4,5.25],"texture":"#0"},"east":{"uv":[4,0.25,4.5,4.75],"texture":"#0"},"south":{"uv":[3.75,0.75,4,5.25],"texture":"#0"},"west":{"uv":[4,0.25,4.5,4.75],"texture":"#0"},"up":{"uv":[3.25,6.25,3,5.75],"texture":"#0"},"down":{"uv":[3.25,5.75,3,6.25],"texture":"#0"}}},{"from":[2.1,18,-7],"to":[13.9,19,-2],"rotation":{"angle":22.5,"axis":"x","origin":[8,23.5,-4.5]},"faces":{"north":{"uv":[0,7,3,7.25],"texture":"#0"},"east":{"uv":[4,0,5.25,0.25],"texture":"#0"},"south":{"uv":[0,7,3,7.25],"texture":"#0"},"west":{"uv":[4,0,5.25,0.25],"texture":"#0"},"up":{"uv":[3,7,0,5.75],"texture":"#0"},"down":{"uv":[3,5.75,0,7],"texture":"#0"}}},{"from":[2,16,-9],"to":[14,19,-6],"faces":{"north":{"uv":[4.5,0.25,7.5,1],"texture":"#0"},"east":{"uv":[3,6.25,3.75,7],"texture":"#0"},"south":{"uv":[4.5,0.25,7.5,1],"texture":"#0"},"west":{"uv":[3,6.25,3.75,7],"texture":"#0"},"up":{"uv":[7.5,1,4.5,0.25],"texture":"#0"},"down":{"uv":[7.5,0.25,4.5,1],"texture":"#0"}}},{"from":[1,16,-6],"to":[2,18,-1],"faces":{"north":{"uv":[3.25,5.75,3.5,6.25],"texture":"#0"},"east":{"uv":[3.75,6.5,5,7],"texture":"#0"},"south":{"uv":[3.25,5.75,3.5,6.25],"texture":"#0"},"west":{"uv":[3.75,6.5,5,7],"texture":"#0"},"up":{"uv":[4,6.5,3.75,5.25],"texture":"#0"},"down":{"uv":[4,5.25,3.75,6.5],"texture":"#0"}}},{"from":[14,2,-8],"to":[15,20,-6],"rotation":{"angle":0,"axis":"y","origin":[16,0,0]},"faces":{"north":{"uv":[4,0.75,3.75,5.25],"texture":"#0"},"east":{"uv":[4.5,0.25,4,4.75],"texture":"#0"},"south":{"uv":[4,0.75,3.75,5.25],"texture":"#0"},"west":{"uv":[4.5,0.25,4,4.75],"texture":"#0"},"up":{"uv":[3,6.25,3.25,5.75],"texture":"#0"},"down":{"uv":[3,5.75,3.25,6.25],"texture":"#0"}}},{"from":[14,16,-6],"to":[15,18,-1],"rotation":{"angle":0,"axis":"y","origin":[16,0,0]},"faces":{"north":{"uv":[3.5,5.75,3.25,6.25],"texture":"#0"},"east":{"uv":[5,6.5,3.75,7],"texture":"#0"},"south":{"uv":[3.5,5.75,3.25,6.25],"texture":"#0"},"west":{"uv":[5,6.5,3.75,7],"texture":"#0"},"up":{"uv":[3.75,6.5,4,5.25],"texture":"#0"},"down":{"uv":[3.75,5.25,4,6.5],"texture":"#0"}}},{"from":[15,0,-9],"to":[16,3,16],"rotation":{"angle":0,"axis":"y","origin":[16,0,0]},"faces":{"north":{"uv":[4,0,3.75,0.75],"texture":"#0"},"east":{"uv":[10.25,5.75,4,6.5],"texture":"#0"},"south":{"uv":[4,0,3.75,0.75],"texture":"#0"},"west":{"uv":[10.25,5.75,4,6.5],"texture":"#0"},"up":{"uv":[3.5,6.25,3.75,0],"texture":"#0"},"down":{"uv":[3.5,0,3.75,6.25],"texture":"#0"}}}],"gui_light":"front","display":{"thirdperson_righthand":{"rotation":[67.5,180,0],"translation":[0,5,1.75],"scale":[0.3,0.3,0.3]},"thirdperson_lefthand":{"rotation":[67.5,180,0],"translation":[0,5,1.75],"scale":[0.3,0.3,0.3]},"firstperson_righthand":{"translation":[3.25,0.75,0],"scale":[0.81977,0.81977,0.81977]},"firstperson_lefthand":{"translation":[3.25,0.75,0],"scale":[0.81977,0.81977,0.81977]},"ground":{"translation":[0,1,1.25],"scale":[0.33,0.33,0.33]},"gui":{"rotation":[28,148,0],"translation":[1.25,2.25,0],"scale":[0.52937,0.52937,0.52937]},"head":{"translation":[0,3,14.75],"scale":[0,0,0]},"fixed":{"rotation":[-90,0,0],"translation":[0,35,-24],"scale":[3,3,3]}}}