{"credit":"MadewithBlockbench","texture_size":[32,32],"textures":{"0":"elitecreatures:gym_decoration_v1/gym_machine_4","particle":"elitecreatures:gym_decoration_v1/gym_machine_4"},"elements":[{"from":[7,0,7],"to":[9,25,9],"faces":{"north":{"uv":[0,0,1,12.5],"texture":"#0"},"east":{"uv":[0,0,1,12.5],"texture":"#0"},"south":{"uv":[0,0,1,12.5],"texture":"#0"},"west":{"uv":[0,0,1,12.5],"texture":"#0"},"up":{"uv":[2.5,4,1.5,3],"texture":"#0"},"down":{"uv":[2.5,3,1.5,4],"texture":"#0"}}},{"from":[0,23,0],"to":[16,24,1],"faces":{"north":{"uv":[3.5,0.5,11.5,1],"texture":"#0"},"east":{"uv":[3.5,2,4,2.5],"texture":"#0"},"south":{"uv":[3.5,0.5,11.5,1],"texture":"#0"},"west":{"uv":[3.5,2,4,2.5],"texture":"#0"},"up":{"uv":[11.5,1,3.5,0.5],"texture":"#0"},"down":{"uv":[11.5,0.5,3.5,1],"texture":"#0"}}},{"from":[15,23,1],"to":[16,24,15],"rotation":{"angle":0,"axis":"y","origin":[8,23.5,8]},"faces":{"north":{"uv":[3.5,2,4,2.5],"texture":"#0"},"east":{"uv":[3.5,0.5,11.5,1],"texture":"#0"},"south":{"uv":[3.5,2,4,2.5],"texture":"#0"},"west":{"uv":[3.5,0,10.5,0.5],"texture":"#0"},"up":{"uv":[1.5,9.5,1,2.5],"texture":"#0"},"down":{"uv":[1.5,2.5,1,9.5],"texture":"#0"}}},{"from":[7.5,23,1],"to":[8.5,24,15],"rotation":{"angle":0,"axis":"y","origin":[8,23.5,8]},"faces":{"north":{"uv":[3.5,2,4,2.5],"texture":"#0"},"east":{"uv":[3.5,0,10.5,0.5],"texture":"#0"},"south":{"uv":[3.5,2,4,2.5],"texture":"#0"},"west":{"uv":[3.5,0,10.5,0.5],"texture":"#0"},"up":{"uv":[1.5,9.5,1,2.5],"texture":"#0"},"down":{"uv":[1.5,2.5,1,9.5],"texture":"#0"}}},{"from":[0,23,1],"to":[1,24,15],"rotation":{"angle":0,"axis":"y","origin":[8,23.5,8]},"faces":{"north":{"uv":[3.5,2,4,2.5],"texture":"#0"},"east":{"uv":[3.5,0,10.5,0.5],"texture":"#0"},"south":{"uv":[3.5,2,4,2.5],"texture":"#0"},"west":{"uv":[3.5,0.5,11.5,1],"texture":"#0"},"up":{"uv":[1,2.5,1.5,9.5],"texture":"#0"},"down":{"uv":[1,9.5,1.5,2.5],"texture":"#0"}}},{"from":[1,23,7.5],"to":[15,24,8.5],"rotation":{"angle":0,"axis":"y","origin":[8.25,23.5,8]},"faces":{"north":{"uv":[3.5,0,10.5,0.5],"texture":"#0"},"east":{"uv":[3.5,2,4,2.5],"texture":"#0"},"south":{"uv":[3.5,0,10.5,0.5],"texture":"#0"},"west":{"uv":[3.5,2,4,2.5],"texture":"#0"},"up":{"uv":[1.5,9.5,1,2.5],"rotation":90,"texture":"#0"},"down":{"uv":[1.5,2.5,1,9.5],"rotation":270,"texture":"#0"}}},{"from":[0,23,15],"to":[16,24,16],"rotation":{"angle":0,"axis":"y","origin":[16,0,16]},"faces":{"north":{"uv":[3.5,0.5,11.5,1],"texture":"#0"},"east":{"uv":[3.5,2,4,2.5],"texture":"#0"},"south":{"uv":[3.5,0.5,11.5,1],"texture":"#0"},"west":{"uv":[3.5,2,4,2.5],"texture":"#0"},"up":{"uv":[3.5,0.5,11.5,1],"texture":"#0"},"down":{"uv":[3.5,1,11.5,0.5],"texture":"#0"}}},{"from":[21,3,5],"to":[26,4,10],"faces":{"north":{"uv":[1.5,2.5,4,3],"texture":"#0"},"east":{"uv":[1.5,2.5,4,3],"texture":"#0"},"south":{"uv":[1.5,2.5,4,3],"texture":"#0"},"west":{"uv":[1.5,2.5,4,3],"texture":"#0"},"up":{"uv":[3.5,2.5,1,0],"texture":"#0"},"down":{"uv":[3.5,0,1,2.5],"texture":"#0"}}},{"from":[23,0,7],"to":[24,3,8],"faces":{"north":{"uv":[1.5,4,2,5.5],"texture":"#0"},"east":{"uv":[1.5,4,2,5.5],"texture":"#0"},"south":{"uv":[1.5,4,2,5.5],"texture":"#0"},"west":{"uv":[1.5,4,2,5.5],"texture":"#0"},"down":{"uv":[2.5,4,2,4.5],"texture":"#0"}}}],"gui_light":"front","display":{"thirdperson_righthand":{"rotation":[67.5,0,0],"translation":[0,0.25,0],"scale":[0.27398,0.27398,0.27398]},"thirdperson_lefthand":{"rotation":[67.5,0,0],"translation":[0,0.25,0],"scale":[0.27398,0.27398,0.27398]},"firstperson_righthand":{"translation":[-1.25,2.5,0],"scale":[0.43609,0.43609,0.43609]},"firstperson_lefthand":{"translation":[-1.25,2.5,0],"scale":[0.43609,0.43609,0.43609]},"ground":{"translation":[0,1,0],"scale":[0.33,0.33,0.33]},"gui":{"rotation":[28,148,0],"translation":[1.5,-3.25,0],"scale":[0.53734,0.53734,0.53734]},"head":{"translation":[0,3,14.75],"scale":[0,0,0]},"fixed":{"rotation":[-90,0,0],"translation":[0,0.5,-24],"scale":[3,3,3]}}}