{"credit":"MadewithBlockbench","texture_size":[64,64],"textures":{"0":"elitecreatures:gym_decoration_v1/gym_machine_15","particle":"elitecreatures:gym_decoration_v1/gym_machine_15"},"elements":[{"name":"neck","from":[7.5,6,0.75],"to":[8.5,17,2.75],"faces":{"north":{"uv":[0.5,3,0.75,5.75],"texture":"#0"},"east":{"uv":[0.5,3,0,5.75],"texture":"#0"},"south":{"uv":[0.5,3,0.75,5.75],"texture":"#0"},"west":{"uv":[0,3,0.5,5.75],"texture":"#0"},"up":{"uv":[3,1.75,2.75,1.25],"texture":"#0"},"down":{"uv":[3,1.25,2.75,1.75],"texture":"#0"}}},{"from":[6,1,5],"to":[10,7,12],"faces":{"north":{"uv":[0,1.5,1,3],"texture":"#0"},"east":{"uv":[0,0,1.75,1.5],"texture":"#0"},"south":{"uv":[0,1.5,1,3],"texture":"#0"},"west":{"uv":[0,0,1.75,1.5],"texture":"#0"},"up":{"uv":[2.75,1.75,1.75,0],"texture":"#0"},"down":{"uv":[2.75,0,1.75,1.75],"texture":"#0"}}},{"from":[6,1,0],"to":[10,6,5],"faces":{"north":{"uv":[1,1.75,2,3],"texture":"#0"},"east":{"uv":[2.75,0,4,1.25],"texture":"#0"},"south":{"uv":[1,1.75,2,3],"texture":"#0"},"west":{"uv":[2.75,0,4,1.25],"texture":"#0"},"up":{"uv":[5,1.25,4,0],"texture":"#0"},"down":{"uv":[5,0,4,1.25],"texture":"#0"}}},{"from":[4,0,11],"to":[12,1,12],"faces":{"north":{"uv":[1.25,3.25,3.25,3.5],"texture":"#0"},"east":{"uv":[2.75,2.5,3,2.75],"texture":"#0"},"south":{"uv":[1.25,3.25,3.25,3.5],"texture":"#0"},"west":{"uv":[2.75,2.5,3,2.75],"texture":"#0"},"up":{"uv":[3.25,3.5,1.25,3.25],"texture":"#0"},"down":{"uv":[3.25,3.25,1.25,3.5],"texture":"#0"}}},{"from":[4,0,0],"to":[12,1,1],"faces":{"north":{"uv":[2.75,2.75,4.75,3],"texture":"#0"},"east":{"uv":[3,2.5,3.25,2.75],"texture":"#0"},"south":{"uv":[2.75,3,4.75,2.75],"texture":"#0"},"west":{"uv":[3,2.5,3.25,2.75],"texture":"#0"},"up":{"uv":[4.75,2.75,2.75,3],"texture":"#0"},"down":{"uv":[4.75,2.75,2.75,3],"texture":"#0"}}},{"from":[3.5,15,1.25],"to":[12.5,16,2.25],"faces":{"north":{"uv":[1.25,3,3.5,3.25],"texture":"#0"},"east":{"uv":[1.5,1.5,1.75,1.75],"texture":"#0"},"south":{"uv":[1.25,3,3.5,3.25],"texture":"#0"},"west":{"uv":[1.5,1.5,1.75,1.75],"texture":"#0"},"up":{"uv":[3.5,3.25,1.25,3],"texture":"#0"},"down":{"uv":[3.5,3,1.25,3.25],"texture":"#0"}}},{"from":[3.5,16,1.25],"to":[4.5,19,2.25],"faces":{"north":{"uv":[2.75,1.75,3,2.5],"texture":"#0"},"east":{"uv":[2.75,1.75,3,2.5],"texture":"#0"},"south":{"uv":[2.75,1.75,3,2.5],"texture":"#0"},"west":{"uv":[2.75,1.75,3,2.5],"texture":"#0"},"up":{"uv":[1.25,1.75,1,1.5],"texture":"#0"},"down":{"uv":[1.25,1.5,1,1.75],"texture":"#0"}}},{"from":[11.5,16,1.25],"to":[12.5,19,2.25],"faces":{"north":{"uv":[2.75,1.75,3,2.5],"texture":"#0"},"east":{"uv":[2.75,1.75,3,2.5],"texture":"#0"},"south":{"uv":[2.75,1.75,3,2.5],"texture":"#0"},"west":{"uv":[2.75,1.75,3,2.5],"texture":"#0"},"up":{"uv":[1.25,1.75,1,1.5],"texture":"#0"},"down":{"uv":[1.25,1.5,1,1.75],"texture":"#0"}}},{"from":[3.5,3,3],"to":[12.5,4,4],"faces":{"north":{"uv":[1.25,3.5,3.5,3.75],"texture":"#0"},"east":{"uv":[3.25,2.5,3.5,2.75],"texture":"#0"},"south":{"uv":[1.25,3.5,3.5,3.75],"texture":"#0"},"west":{"uv":[3.25,2.5,3.5,2.75],"texture":"#0"},"up":{"uv":[3.5,3.75,1.25,3.5],"texture":"#0"},"down":{"uv":[3.5,3.5,1.25,3.75],"texture":"#0"}}},{"from":[3.5,3,-1],"to":[4.5,4,3],"rotation":{"angle":0,"axis":"y","origin":[16,0,16]},"faces":{"north":{"uv":[4.25,1.75,4.5,2],"texture":"#0"},"east":{"uv":[4.5,2.5,3.5,2.75],"texture":"#0"},"south":{"uv":[4.25,1.75,4.5,2],"texture":"#0"},"west":{"uv":[3.5,2.5,4.5,2.75],"texture":"#0"},"up":{"uv":[1,4,0.75,3],"texture":"#0"},"down":{"uv":[1,3,0.75,4],"texture":"#0"}}},{"from":[1.5,3,-1],"to":[3.5,4,1],"rotation":{"angle":0,"axis":"y","origin":[16,0,16]},"faces":{"north":{"uv":[3.75,1.75,4.25,2],"texture":"#0"},"east":{"uv":[3.75,1.75,4.25,2],"texture":"#0"},"south":{"uv":[3.75,1.75,4.25,2],"texture":"#0"},"west":{"uv":[3.75,1.75,4.25,2],"texture":"#0"},"up":{"uv":[4.25,2.5,3.75,2],"texture":"#0"},"down":{"uv":[4.25,2,3.75,2.5],"texture":"#0"}}},{"from":[11.5,3,4],"to":[12.5,4,8],"faces":{"north":{"uv":[4.25,1.75,4.5,2],"texture":"#0"},"east":{"uv":[3.5,2.5,4.5,2.75],"texture":"#0"},"south":{"uv":[4.25,1.75,4.5,2],"texture":"#0"},"west":{"uv":[4.5,2.5,3.5,2.75],"texture":"#0"},"up":{"uv":[0.75,3,1,4],"texture":"#0"},"down":{"uv":[0.75,4,1,3],"texture":"#0"}}},{"from":[12.5,3,6],"to":[14.5,4,8],"faces":{"north":{"uv":[3.75,1.75,4.25,2],"texture":"#0"},"east":{"uv":[3.75,1.75,4.25,2],"texture":"#0"},"south":{"uv":[3.75,1.75,4.25,2],"texture":"#0"},"west":{"uv":[3.75,1.75,4.25,2],"texture":"#0"},"up":{"uv":[3.75,2,4.25,2.5],"texture":"#0"},"down":{"uv":[3.75,2.5,4.25,2],"texture":"#0"}}},{"from":[6.5,18.25,0],"to":[9.5,19.25,4],"rotation":{"angle":45,"axis":"x","origin":[8,17.5,0]},"faces":{"north":{"uv":[2,2.75,2.75,3],"texture":"#0"},"east":{"uv":[3,1.25,4,1.5],"texture":"#0"},"south":{"uv":[2,2.75,2.75,3],"texture":"#0"},"west":{"uv":[3,1.25,4,1.5],"texture":"#0"},"up":{"uv":[2.75,2.75,2,1.75],"texture":"#0"},"down":{"uv":[2.75,1.75,2,2.75],"texture":"#0"}}},{"from":[6.5,12,8],"to":[9.5,13,12],"faces":{"north":{"uv":[3.75,1.5,4.5,1.75],"texture":"#0"},"east":{"uv":[4,1.25,5,1.5],"texture":"#0"},"south":{"uv":[3.75,1.5,4.5,1.75],"texture":"#0"},"west":{"uv":[4,1.25,5,1.5],"texture":"#0"},"up":{"uv":[3.75,2.5,3,1.5],"texture":"#0"},"down":{"uv":[3.75,1.5,3,2.5],"texture":"#0"}}},{"from":[7.5,7,10],"to":[8.5,12,11],"faces":{"north":{"uv":[1,3,1.25,4.25],"texture":"#0"},"east":{"uv":[1.25,3,1,4.25],"texture":"#0"},"south":{"uv":[1,3,1.25,4.25],"texture":"#0"},"west":{"uv":[1.25,3,1,4.25],"texture":"#0"},"up":{"uv":[1.5,1.75,1.25,1.5],"texture":"#0"},"down":{"uv":[1.5,1.5,1.25,1.75],"texture":"#0"}}}],"gui_light":"front","display":{"thirdperson_righthand":{"rotation":[67.5,0,0],"translation":[0,1.75,2.75],"scale":[0.34508,0.34508,0.34508]},"thirdperson_lefthand":{"rotation":[67.5,0,0],"translation":[0,1.75,2.75],"scale":[0.34508,0.34508,0.34508]},"firstperson_righthand":{"translation":[0,2.25,0],"scale":[0.73766,0.73766,0.73766]},"firstperson_lefthand":{"translation":[0,2.25,0],"scale":[0.73766,0.73766,0.73766]},"ground":{"translation":[0,1,1],"scale":[0.66,0.66,0.66]},"gui":{"rotation":[28,148,0],"translation":[1,0.75,0],"scale":[0.74109,0.74109,0.74109]},"head":{"translation":[0,3,14.75],"scale":[0,0,0]},"fixed":{"rotation":[-90,0,0],"translation":[0,8,-24],"scale":[3,3,3]}}}