{"credit":"MadewithBlockbench","texture_size":[64,64],"textures":{"0":"elitecreatures:gym_decoration_v1/gym_machine_1","particle":"elitecreatures:gym_decoration_v1/gym_machine_1"},"elements":[{"from":[14,-3,14],"to":[16,29,16],"rotation":{"angle":0,"axis":"y","origin":[0,-3,0]},"faces":{"north":{"uv":[2.5,0,3,8],"texture":"#0"},"east":{"uv":[2.5,0,3,8],"texture":"#0"},"south":{"uv":[2.5,0,3,8],"texture":"#0"},"west":{"uv":[0,4,0.5,12],"texture":"#0"},"up":{"uv":[2.5,3,2,2.5],"texture":"#0"},"down":{"uv":[2.5,2.5,2,3],"texture":"#0"}}},{"from":[0,-3,14],"to":[2,29,16],"rotation":{"angle":0,"axis":"y","origin":[0,-3,0]},"faces":{"north":{"uv":[2.5,0,3,8],"texture":"#0"},"east":{"uv":[2.5,0,3,8],"texture":"#0"},"south":{"uv":[2.5,0,3,8],"texture":"#0"},"west":{"uv":[0,4,0.5,12],"texture":"#0"},"up":{"uv":[2.5,3,2,2.5],"texture":"#0"},"down":{"uv":[2.5,2.5,2,3],"texture":"#0"}}},{"from":[2,-1,14],"to":[14,0,16],"rotation":{"angle":0,"axis":"y","origin":[0,-3,0]},"faces":{"north":{"uv":[3,0.25,6,0.5],"texture":"#0"},"east":{"uv":[1.75,2,2.25,2.25],"texture":"#0"},"south":{"uv":[3,0.25,6,0.5],"texture":"#0"},"west":{"uv":[3.5,1.75,4,2],"texture":"#0"},"up":{"uv":[6,5,3,4.5],"texture":"#0"},"down":{"uv":[6,4.5,3,5],"texture":"#0"}}},{"from":[3,0,14],"to":[13,8,16],"rotation":{"angle":0,"axis":"y","origin":[0,-3,0]},"faces":{"north":{"uv":[0,0,2.5,2],"texture":"#0"},"east":{"uv":[1,4,1.5,6],"texture":"#0"},"south":{"uv":[0,0,2.5,2],"texture":"#0"},"west":{"uv":[1,4,1.5,6],"texture":"#0"},"up":{"uv":[5.5,3.25,3,2.75],"texture":"#0"},"down":{"uv":[5.5,2.75,3,3.25],"texture":"#0"}}},{"from":[7,-1,0],"to":[9,0,14],"rotation":{"angle":0,"axis":"y","origin":[0,-3,0]},"faces":{"north":{"uv":[1.75,2,2.25,2.25],"texture":"#0"},"east":{"uv":[3,0,6.5,0.25],"texture":"#0"},"south":{"uv":[1.75,2,2.25,2.25],"texture":"#0"},"west":{"uv":[3,0,6.5,0.25],"texture":"#0"},"up":{"uv":[2,7.5,1.5,4],"texture":"#0"},"down":{"uv":[2,4,1.5,7.5],"texture":"#0"}}},{"from":[2,26,14],"to":[14,27,16],"rotation":{"angle":0,"axis":"y","origin":[0,-3,0]},"faces":{"north":{"uv":[3,0.25,6,0.5],"texture":"#0"},"east":{"uv":[1.75,2,2.25,2.25],"texture":"#0"},"south":{"uv":[3,0.25,6,0.5],"texture":"#0"},"west":{"uv":[3.5,2,4,2.25],"texture":"#0"},"up":{"uv":[6,5,3,4.5],"texture":"#0"},"down":{"uv":[6,4.5,3,5],"texture":"#0"}}},{"from":[7,26,6],"to":[9,27,14],"rotation":{"angle":0,"axis":"y","origin":[0,-3,0]},"faces":{"north":{"uv":[3.5,2.5,4,2.75],"texture":"#0"},"east":{"uv":[5.5,5,3.5,5.25],"texture":"#0"},"south":{"uv":[3.5,2.5,4,2.75],"texture":"#0"},"west":{"uv":[3.5,5,5.5,5.25],"texture":"#0"},"up":{"uv":[3.5,2.75,3,0.75],"texture":"#0"},"down":{"uv":[3.5,0.75,3,2.75],"texture":"#0"}}},{"from":[7.5,25,4],"to":[8.5,27,6],"rotation":{"angle":0,"axis":"y","origin":[0,-3,0]},"faces":{"north":{"uv":[3.5,1.25,3.75,1.75],"texture":"#0"},"east":{"uv":[3.5,0.75,4,1.25],"texture":"#0"},"south":{"uv":[3.5,1.25,3.75,1.75],"texture":"#0"},"west":{"uv":[3.5,0.75,4,1.25],"texture":"#0"},"up":{"uv":[3.75,1.75,3.5,1.25],"texture":"#0"},"down":{"uv":[3.75,1.25,3.5,1.75],"texture":"#0"}}},{"from":[0.5,21,4.5],"to":[15.5,22,5.5],"rotation":{"angle":0,"axis":"y","origin":[0,-3,0]},"faces":{"north":{"uv":[3,3.75,6.75,4],"texture":"#0"},"east":{"uv":[3.75,1.25,4,1.5],"texture":"#0"},"south":{"uv":[3,3.75,6.75,4],"texture":"#0"},"west":{"uv":[3.75,1.25,4,1.5],"texture":"#0"},"up":{"uv":[6.75,4,3,3.75],"texture":"#0"},"down":{"uv":[6.75,3.75,3,4],"texture":"#0"}}},{"from":[7.5,27,12],"to":[8.5,29,14],"rotation":{"angle":0,"axis":"y","origin":[0,-3,0]},"faces":{"north":{"uv":[2.25,2,2.5,2.5],"texture":"#0"},"east":{"uv":[1,6,1.5,6.5],"texture":"#0"},"south":{"uv":[2.25,2,2.5,2.5],"texture":"#0"},"west":{"uv":[1,6,1.5,6.5],"texture":"#0"},"up":{"uv":[2.5,2.5,2.25,2],"texture":"#0"},"down":{"uv":[2.5,2,2.25,2.5],"texture":"#0"}}},{"from":[4,-3,0],"to":[12,-1,2],"rotation":{"angle":0,"axis":"y","origin":[0,-3,0]},"faces":{"north":{"uv":[3,3.25,5,3.75],"texture":"#0"},"east":{"uv":[3,4,3.5,4.5],"texture":"#0"},"south":{"uv":[3,3.25,5,3.75],"texture":"#0"},"west":{"uv":[3,4,3.5,4.5],"texture":"#0"},"up":{"uv":[5,3.75,3,3.25],"texture":"#0"},"down":{"uv":[5,3.25,3,3.75],"texture":"#0"}}},{"from":[7.5,0,2],"to":[8.5,6,3],"rotation":{"angle":22.5,"axis":"x","origin":[8,2.5,0.5]},"faces":{"north":{"uv":[2.25,4,2.5,5.5],"texture":"#0"},"east":{"uv":[2.25,4,2.5,5.5],"texture":"#0"},"south":{"uv":[2.25,4,2.5,5.5],"texture":"#0"},"west":{"uv":[2.25,4,2.5,5.5],"texture":"#0"},"up":{"uv":[2.25,2.5,2,2.25],"texture":"#0"},"down":{"uv":[2.25,2.25,2,2.5],"texture":"#0"}}},{"from":[4.5,4.75,-1],"to":[11.5,5.75,7],"rotation":{"angle":0,"axis":"y","origin":[0,-3,0]},"faces":{"north":{"uv":[2.5,8.25,4.25,8.5],"texture":"#0"},"east":{"uv":[2.5,8,4.5,8.25],"texture":"#0"},"south":{"uv":[2.5,8.25,4.25,8.5],"texture":"#0"},"west":{"uv":[2.5,8,4.5,8.25],"texture":"#0"},"up":{"uv":[1.75,4,0,2],"texture":"#0"},"down":{"uv":[1.75,2,0,4],"texture":"#0"}}},{"from":[7,0,11],"to":[9,26,12],"rotation":{"angle":0,"axis":"y","origin":[0,-3,0]},"faces":{"north":{"uv":[0.5,4,1,10.5],"texture":"#0"},"east":{"uv":[2,4,2.25,10.5],"texture":"#0"},"south":{"uv":[0.5,4,1,10.5],"texture":"#0"},"west":{"uv":[2,4,2.25,10.5],"texture":"#0"},"up":{"uv":[4,2.5,3.5,2.25],"texture":"#0"},"down":{"uv":[4,2.25,3.5,2.5],"texture":"#0"}}},{"from":[7,0,16],"to":[9,32,16],"rotation":{"angle":0,"axis":"y","origin":[0,-3,0]},"faces":{"north":{"uv":[6.75,0,7.25,8],"texture":"#0"},"east":{"uv":[0,0,0,8],"texture":"#0"},"south":{"uv":[6.75,0,7.25,8],"texture":"#0"},"west":{"uv":[0,0,0,8],"texture":"#0"},"up":{"uv":[0.5,0,0,0],"texture":"#0"},"down":{"uv":[0.5,0,0,0],"texture":"#0"}}},{"from":[7.5,22,5],"to":[8.5,26,5],"rotation":{"angle":0,"axis":"y","origin":[0,-3,0]},"faces":{"north":{"uv":[1.875,3,2.125,4],"texture":"#0"},"east":{"uv":[0,0,0,1],"texture":"#0"},"south":{"uv":[2.125,3,1.875,4],"texture":"#0"},"west":{"uv":[0,0,0,1],"texture":"#0"},"up":{"uv":[0.5,0,0,0],"texture":"#0"},"down":{"uv":[0.5,0,0,0],"texture":"#0"}}},{"from":[7,29,5.54366],"to":[9,29,17.54366],"rotation":{"angle":-22.5,"axis":"x","origin":[8.5,29.29518,11.54366]},"faces":{"north":{"uv":[0,0,0.5,0],"texture":"#0"},"east":{"uv":[0,0,3,0],"texture":"#0"},"south":{"uv":[0,0,0.5,0],"texture":"#0"},"west":{"uv":[0,0,3,0],"texture":"#0"},"up":{"uv":[3.5,8,3,5],"texture":"#0"},"down":{"uv":[3.5,5,3,8],"texture":"#0"}}}],"gui_light":"front","display":{"thirdperson_righthand":{"rotation":[67.5,0,0],"translation":[0,1.5,0.5],"scale":[0.19,0.19,0.19]},"thirdperson_lefthand":{"rotation":[67.5,0,0],"translation":[0,1.5,0.5],"scale":[0.19,0.19,0.19]},"firstperson_righthand":{"translation":[-1.5,3,0],"scale":[0.35602,0.35602,0.35602]},"firstperson_lefthand":{"translation":[-1.5,3,0],"scale":[0.35602,0.35602,0.35602]},"ground":{"translation":[0,1,0],"scale":[0.33,0.33,0.33]},"gui":{"rotation":[28,148,0],"translation":[-0.5,-2,0],"scale":[0.39281,0.39281,0.39281]},"head":{"translation":[0,3,14.75],"scale":[0,0,0]},"fixed":{"rotation":[-90,0,0],"translation":[0,-8,-33],"scale":[3,3,3]}}}