{"credit":"MadewithBlockbench","texture_size":[64,64],"textures":{"0":"elitecreatures:casino_decoration_v2/02_ship_set_texture","particle":"elitecreatures:casino_decoration_v2/02_ship_set_texture"},"elements":[{"from":[0.25,0,-0.25],"to":[16.25,1,15.75],"rotation":{"angle":0,"axis":"y","origin":[8.25,2.25,8]},"faces":{"north":{"uv":[4,0.75,8,1],"texture":"#0"},"east":{"uv":[4,0,8,0.25],"texture":"#0"},"south":{"uv":[4,0.75,8,1],"texture":"#0"},"west":{"uv":[4,0.5,8,0.75],"texture":"#0"},"up":{"uv":[4,4,0,0],"rotation":90,"texture":"#0"},"down":{"uv":[4,4,0,8],"rotation":270,"texture":"#0"}}},{"from":[0.25,1,-0.25],"to":[1.25,2,15.75],"rotation":{"angle":0,"axis":"y","origin":[8.25,2.25,8]},"faces":{"north":{"uv":[4.25,6,4.5,6.25],"rotation":90,"texture":"#0"},"east":{"uv":[8,1.75,4,2],"rotation":180,"texture":"#0"},"south":{"uv":[4.25,6.25,4.5,6],"rotation":90,"texture":"#0"},"west":{"uv":[8,1.75,4,1.5],"texture":"#0"},"up":{"uv":[4,1,8,1.25],"rotation":270,"texture":"#0"},"down":{"uv":[4,1.25,8,1.5],"rotation":270,"texture":"#0"}}},{"from":[15.25,1,-0.25],"to":[16.25,2,15.75],"rotation":{"angle":0,"axis":"y","origin":[8.25,2.25,8]},"faces":{"north":{"uv":[4.25,6,4.5,6.25],"texture":"#0"},"east":{"uv":[8,1.75,4,1.5],"texture":"#0"},"south":{"uv":[4.25,6,4.5,6.25],"rotation":90,"texture":"#0"},"west":{"uv":[4,1.25,8,1.5],"texture":"#0"},"up":{"uv":[8,1.75,4,1.5],"rotation":90,"texture":"#0"},"down":{"uv":[8,1.75,4,2],"rotation":270,"texture":"#0"}}},{"from":[4.25,1,0.75],"to":[5.25,2,14.75],"rotation":{"angle":0,"axis":"y","origin":[8.25,2.25,8]},"faces":{"north":{"uv":[4.75,6,5,6.25],"texture":"#0"},"east":{"uv":[4.5,2.5,8,2.75],"texture":"#0"},"south":{"uv":[6,4.5,6.25,4.75],"texture":"#0"},"west":{"uv":[4.5,2.75,8,3],"texture":"#0"},"up":{"uv":[8,3.25,4.5,3],"rotation":90,"texture":"#0"},"down":{"uv":[8,3.25,4.5,3.5],"rotation":270,"texture":"#0"}}},{"from":[11.25,1,0.75],"to":[12.25,2,14.75],"rotation":{"angle":0,"axis":"y","origin":[8.25,2.25,8]},"faces":{"north":{"uv":[4.75,6,5,6.25],"texture":"#0"},"east":{"uv":[4.5,2.5,8,2.75],"texture":"#0"},"south":{"uv":[6,4.5,6.25,4.75],"texture":"#0"},"west":{"uv":[4.5,2.75,8,3],"texture":"#0"},"up":{"uv":[8,3.25,4.5,3],"rotation":90,"texture":"#0"},"down":{"uv":[8,3.25,4.5,3.5],"rotation":270,"texture":"#0"}}},{"from":[7.75,1,0.75],"to":[8.75,2,14.75],"rotation":{"angle":0,"axis":"y","origin":[8.25,2.25,8]},"faces":{"north":{"uv":[4.75,6,5,6.25],"texture":"#0"},"east":{"uv":[4.5,2.5,8,2.75],"texture":"#0"},"south":{"uv":[6,4.5,6.25,4.75],"texture":"#0"},"west":{"uv":[4.5,2.75,8,3],"texture":"#0"},"up":{"uv":[8,3.25,4.5,3],"rotation":90,"texture":"#0"},"down":{"uv":[8,3.25,4.5,3.5],"rotation":270,"texture":"#0"}}},{"from":[1.25,1,14.75],"to":[15.25,2,15.75],"rotation":{"angle":0,"axis":"y","origin":[8.25,2.25,8]},"faces":{"north":{"uv":[4,2,7.5,2.25],"texture":"#0"},"east":{"uv":[4.5,6,4.75,6.25],"texture":"#0"},"south":{"uv":[4,2.25,7.5,2.5],"texture":"#0"},"west":{"uv":[6,4.25,6.25,4.5],"texture":"#0"},"up":{"uv":[4.25,6,4,2.5],"rotation":270,"texture":"#0"},"down":{"uv":[4.5,2.5,4.25,6],"rotation":90,"texture":"#0"}}},{"from":[1.25,1,-0.25],"to":[15.25,2,0.75],"rotation":{"angle":0,"axis":"y","origin":[8.25,2.25,8]},"faces":{"north":{"uv":[4,2.25,7.5,2.5],"texture":"#0"},"east":{"uv":[6,4.25,6.25,4.5],"texture":"#0"},"south":{"uv":[4,2,7.5,2.25],"texture":"#0"},"west":{"uv":[4.5,6,4.75,6.25],"texture":"#0"},"up":{"uv":[4.25,6,4,2.5],"rotation":90,"texture":"#0"},"down":{"uv":[4.5,2.5,4.25,6],"rotation":270,"texture":"#0"}}},{"from":[12.75,3.31513,13.13895],"to":[14.75,5.31513,14.13895],"rotation":{"angle":22.5,"axis":"x","origin":[8.25,2.25,8]},"faces":{"north":{"uv":[5,5,5.5,5.5],"texture":"#0"},"east":{"uv":[6,3.5,6.25,4],"texture":"#0"},"south":{"uv":[5.5,5,5,5.5],"texture":"#0"},"west":{"uv":[6.25,4,6,3.5],"texture":"#0"},"up":{"uv":[6.25,4,6,3.5],"rotation":90,"texture":"#0"},"down":{"uv":[4.25,6,4,6.5],"rotation":270,"texture":"#0"}}},{"from":[12.75,2.83678,12.0841],"to":[14.75,4.83678,13.0841],"rotation":{"angle":22.5,"axis":"x","origin":[8.25,2.25,8]},"faces":{"north":{"uv":[5,5,5.5,5.5],"texture":"#0"},"east":{"uv":[6,3.5,6.25,4],"texture":"#0"},"south":{"uv":[5.5,5,5,5.5],"texture":"#0"},"west":{"uv":[6.25,4,6,3.5],"texture":"#0"},"up":{"uv":[6.25,4,6,3.5],"rotation":90,"texture":"#0"},"down":{"uv":[4.25,6,4,6.5],"rotation":270,"texture":"#0"}}},{"from":[13,1.93678,9.9841],"to":[15,3.93678,10.9841],"rotation":{"angle":22.5,"axis":"x","origin":[8.25,2.25,8]},"faces":{"north":{"uv":[5,5,5.5,5.5],"texture":"#0"},"east":{"uv":[6,3.5,6.25,4],"texture":"#0"},"south":{"uv":[5.5,5,5,5.5],"texture":"#0"},"west":{"uv":[6.25,4,6,3.5],"texture":"#0"},"up":{"uv":[6.25,4,6,3.5],"rotation":90,"texture":"#0"},"down":{"uv":[4.25,6,4,6.5],"rotation":270,"texture":"#0"}}},{"from":[12.75,2.41513,11.03895],"to":[14.75,4.41513,12.03895],"rotation":{"angle":22.5,"axis":"x","origin":[8.25,2.25,8]},"faces":{"north":{"uv":[5,5,5.5,5.5],"texture":"#0"},"east":{"uv":[6,3.5,6.25,4],"texture":"#0"},"south":{"uv":[5.5,5,5,5.5],"texture":"#0"},"west":{"uv":[6.25,4,6,3.5],"texture":"#0"},"up":{"uv":[6.25,4,6,3.5],"rotation":90,"texture":"#0"},"down":{"uv":[4.25,6,4,6.5],"rotation":270,"texture":"#0"}}},{"from":[13,0.13678,5.8341],"to":[15,2.13678,6.8341],"rotation":{"angle":22.5,"axis":"x","origin":[8.25,2.25,8]},"faces":{"north":{"uv":[5,5,5.5,5.5],"texture":"#0"},"east":{"uv":[6,3.5,6.25,4],"texture":"#0"},"south":{"uv":[5.5,5,5,5.5],"texture":"#0"},"west":{"uv":[6.25,4,6,3.5],"texture":"#0"},"up":{"uv":[6.25,4,6,3.5],"rotation":90,"texture":"#0"},"down":{"uv":[4.25,6,4,6.5],"rotation":270,"texture":"#0"}}},{"from":[12.75,0.61513,6.88895],"to":[14.75,2.61513,7.88895],"rotation":{"angle":22.5,"axis":"x","origin":[8.25,2.25,8]},"faces":{"north":{"uv":[5,5,5.5,5.5],"texture":"#0"},"east":{"uv":[6,3.5,6.25,4],"texture":"#0"},"south":{"uv":[5.5,5,5,5.5],"texture":"#0"},"west":{"uv":[6.25,4,6,3.5],"texture":"#0"},"up":{"uv":[6.25,4,6,3.5],"rotation":90,"texture":"#0"},"down":{"uv":[4.25,6,4,6.5],"rotation":270,"texture":"#0"}}},{"from":[12.75,1.51513,8.98895],"to":[14.75,3.51513,9.98895],"rotation":{"angle":22.5,"axis":"x","origin":[8.25,2.25,8]},"faces":{"north":{"uv":[5,5,5.5,5.5],"texture":"#0"},"east":{"uv":[6,3.5,6.25,4],"texture":"#0"},"south":{"uv":[5.5,5,5,5.5],"texture":"#0"},"west":{"uv":[6.25,4,6,3.5],"texture":"#0"},"up":{"uv":[6.25,4,6,3.5],"rotation":90,"texture":"#0"},"down":{"uv":[4.25,6,4,6.5],"rotation":270,"texture":"#0"}}},{"from":[12.5,1.03678,7.9341],"to":[14.5,3.03678,8.9341],"rotation":{"angle":22.5,"axis":"x","origin":[8.25,2.25,8]},"faces":{"north":{"uv":[5,5,5.5,5.5],"texture":"#0"},"east":{"uv":[6,3.5,6.25,4],"texture":"#0"},"south":{"uv":[5.5,5,5,5.5],"texture":"#0"},"west":{"uv":[6.25,4,6,3.5],"texture":"#0"},"up":{"uv":[6.25,4,6,3.5],"rotation":90,"texture":"#0"},"down":{"uv":[4.25,6,4,6.5],"rotation":270,"texture":"#0"}}},{"from":[9,3.31513,13.13895],"to":[11,5.31513,14.13895],"rotation":{"angle":22.5,"axis":"x","origin":[8.25,2.25,8]},"faces":{"north":{"uv":[4.5,5,5,5.5],"texture":"#0"},"east":{"uv":[5.75,4,6,4.5],"texture":"#0"},"south":{"uv":[5,5,4.5,5.5],"texture":"#0"},"west":{"uv":[6,4.5,5.75,4],"texture":"#0"},"up":{"uv":[6,4.5,5.75,4],"rotation":90,"texture":"#0"},"down":{"uv":[6,4.5,5.75,4],"rotation":270,"texture":"#0"}}},{"from":[9,2.83678,12.0841],"to":[11,4.83678,13.0841],"rotation":{"angle":22.5,"axis":"x","origin":[8.25,2.25,8]},"faces":{"north":{"uv":[4.5,5,5,5.5],"texture":"#0"},"east":{"uv":[5.75,4,6,4.5],"texture":"#0"},"south":{"uv":[5,5,4.5,5.5],"texture":"#0"},"west":{"uv":[6,4.5,5.75,4],"texture":"#0"},"up":{"uv":[6,4.5,5.75,4],"rotation":90,"texture":"#0"},"down":{"uv":[6,4.5,5.75,4],"rotation":270,"texture":"#0"}}},{"from":[9.25,2.49236,11.05261],"to":[11.25,4.49236,12.05261],"rotation":{"angle":22.5,"axis":"x","origin":[8.25,2.25,8]},"faces":{"north":{"uv":[4.5,5,5,5.5],"texture":"#0"},"east":{"uv":[5.75,4,6,4.5],"texture":"#0"},"south":{"uv":[5,5,4.5,5.5],"texture":"#0"},"west":{"uv":[6,4.5,5.75,4],"texture":"#0"},"up":{"uv":[6,4.5,5.75,4],"rotation":90,"texture":"#0"},"down":{"uv":[6,4.5,5.75,4],"rotation":270,"texture":"#0"}}},{"from":[9,1.24236,7.95261],"to":[11,3.24236,8.95261],"rotation":{"angle":22.5,"axis":"x","origin":[8.25,2.25,8]},"faces":{"north":{"uv":[4.5,5,5,5.5],"texture":"#0"},"east":{"uv":[5.75,4,6,4.5],"texture":"#0"},"south":{"uv":[5,5,4.5,5.5],"texture":"#0"},"west":{"uv":[6,4.5,5.75,4],"texture":"#0"},"up":{"uv":[6,4.5,5.75,4],"rotation":90,"texture":"#0"},"down":{"uv":[6,4.5,5.75,4],"rotation":270,"texture":"#0"}}},{"from":[9,2.06513,10.03895],"to":[11,4.06513,11.03895],"rotation":{"angle":22.5,"axis":"x","origin":[8.25,2.25,8]},"faces":{"north":{"uv":[4.5,5,5,5.5],"texture":"#0"},"east":{"uv":[5.75,4,6,4.5],"texture":"#0"},"south":{"uv":[5,5,4.5,5.5],"texture":"#0"},"west":{"uv":[6,4.5,5.75,4],"texture":"#0"},"up":{"uv":[6,4.5,5.75,4],"rotation":90,"texture":"#0"},"down":{"uv":[6,4.5,5.75,4],"rotation":270,"texture":"#0"}}},{"from":[8.75,1.58678,8.9841],"to":[10.75,3.58678,9.9841],"rotation":{"angle":22.5,"axis":"x","origin":[8.25,2.25,8]},"faces":{"north":{"uv":[4.5,5,5,5.5],"texture":"#0"},"east":{"uv":[5.75,4,6,4.5],"texture":"#0"},"south":{"uv":[5,5,4.5,5.5],"texture":"#0"},"west":{"uv":[6,4.5,5.75,4],"texture":"#0"},"up":{"uv":[6,4.5,5.75,4],"rotation":90,"texture":"#0"},"down":{"uv":[6,4.5,5.75,4],"rotation":270,"texture":"#0"}}},{"from":[8.75,0.81513,6.93895],"to":[10.75,2.81513,7.93895],"rotation":{"angle":22.5,"axis":"x","origin":[8.25,2.25,8]},"faces":{"north":{"uv":[4.5,5,5,5.5],"texture":"#0"},"east":{"uv":[5.75,4,6,4.5],"texture":"#0"},"south":{"uv":[5,5,4.5,5.5],"texture":"#0"},"west":{"uv":[6,4.5,5.75,4],"texture":"#0"},"up":{"uv":[6,4.5,5.75,4],"rotation":90,"texture":"#0"},"down":{"uv":[6,4.5,5.75,4],"rotation":270,"texture":"#0"}}},{"from":[9,0.33678,5.8841],"to":[11,2.33678,6.8841],"rotation":{"angle":22.5,"axis":"x","origin":[8.25,2.25,8]},"faces":{"north":{"uv":[4.5,5,5,5.5],"texture":"#0"},"east":{"uv":[5.75,4,6,4.5],"texture":"#0"},"south":{"uv":[5,5,4.5,5.5],"texture":"#0"},"west":{"uv":[6,4.5,5.75,4],"texture":"#0"},"up":{"uv":[6,4.5,5.75,4],"rotation":90,"texture":"#0"},"down":{"uv":[6,4.5,5.75,4],"rotation":270,"texture":"#0"}}},{"from":[9.25,-0.00764,4.85261],"to":[11.25,1.99236,5.85261],"rotation":{"angle":22.5,"axis":"x","origin":[8.25,2.25,8]},"faces":{"north":{"uv":[4.5,5,5,5.5],"texture":"#0"},"east":{"uv":[5.75,4,6,4.5],"texture":"#0"},"south":{"uv":[5,5,4.5,5.5],"texture":"#0"},"west":{"uv":[6,4.5,5.75,4],"texture":"#0"},"up":{"uv":[6,4.5,5.75,4],"rotation":90,"texture":"#0"},"down":{"uv":[6,4.5,5.75,4],"rotation":270,"texture":"#0"}}},{"from":[9,-0.43487,3.83895],"to":[11,1.56513,4.83895],"rotation":{"angle":22.5,"axis":"x","origin":[8.25,2.25,8]},"faces":{"north":{"uv":[4.5,5,5,5.5],"texture":"#0"},"east":{"uv":[5.75,4,6,4.5],"texture":"#0"},"south":{"uv":[5,5,4.5,5.5],"texture":"#0"},"west":{"uv":[6,4.5,5.75,4],"texture":"#0"},"up":{"uv":[6,4.5,5.75,4],"rotation":90,"texture":"#0"},"down":{"uv":[6,4.5,5.75,4],"rotation":270,"texture":"#0"}}},{"from":[8.75,-0.91322,2.7841],"to":[10.75,1.08678,3.7841],"rotation":{"angle":22.5,"axis":"x","origin":[8.25,2.25,8]},"faces":{"north":{"uv":[4.5,5,5,5.5],"texture":"#0"},"east":{"uv":[5.75,4,6,4.5],"texture":"#0"},"south":{"uv":[5,5,4.5,5.5],"texture":"#0"},"west":{"uv":[6,4.5,5.75,4],"texture":"#0"},"up":{"uv":[6,4.5,5.75,4],"rotation":90,"texture":"#0"},"down":{"uv":[6,4.5,5.75,4],"rotation":270,"texture":"#0"}}},{"from":[9,-1.25764,1.75261],"to":[11,0.74236,2.75261],"rotation":{"angle":22.5,"axis":"x","origin":[8.25,2.25,8]},"faces":{"north":{"uv":[4.5,5,5,5.5],"texture":"#0"},"east":{"uv":[5.75,4,6,4.5],"texture":"#0"},"south":{"uv":[5,5,4.5,5.5],"texture":"#0"},"west":{"uv":[6,4.5,5.75,4],"texture":"#0"},"up":{"uv":[6,4.5,5.75,4],"rotation":90,"texture":"#0"},"down":{"uv":[6,4.5,5.75,4],"rotation":270,"texture":"#0"}}},{"from":[5.5,3.31513,13.13895],"to":[7.5,5.31513,14.13895],"rotation":{"angle":22.5,"axis":"x","origin":[8.25,2.25,8]},"faces":{"north":{"uv":[5,3.5,5.5,4],"texture":"#0"},"east":{"uv":[5.5,5.5,5.75,5],"texture":"#0"},"south":{"uv":[5.5,3.5,5,4],"texture":"#0"},"west":{"uv":[5.75,5.5,5.5,5],"texture":"#0"},"up":{"uv":[5.75,5.5,5.5,5],"rotation":90,"texture":"#0"},"down":{"uv":[5.75,5.5,5.5,5],"rotation":270,"texture":"#0"}}},{"from":[5.5,2.83678,12.0841],"to":[7.5,4.83678,13.0841],"rotation":{"angle":22.5,"axis":"x","origin":[8.25,2.25,8]},"faces":{"north":{"uv":[5,3.5,5.5,4],"texture":"#0"},"east":{"uv":[5.5,5.5,5.75,5],"texture":"#0"},"south":{"uv":[5.5,3.5,5,4],"texture":"#0"},"west":{"uv":[5.75,5.5,5.5,5],"texture":"#0"},"up":{"uv":[5.75,5.5,5.5,5],"rotation":90,"texture":"#0"},"down":{"uv":[5.75,5.5,5.5,5],"rotation":270,"texture":"#0"}}},{"from":[5.5,1.83678,9.9841],"to":[7.5,3.83678,10.9841],"rotation":{"angle":22.5,"axis":"x","origin":[8.25,2.25,8]},"faces":{"north":{"uv":[5,3.5,5.5,4],"texture":"#0"},"east":{"uv":[5.5,5.5,5.75,5],"texture":"#0"},"south":{"uv":[5.5,3.5,5,4],"texture":"#0"},"west":{"uv":[5.75,5.5,5.5,5],"texture":"#0"},"up":{"uv":[5.75,5.5,5.5,5],"rotation":90,"texture":"#0"},"down":{"uv":[5.75,5.5,5.5,5],"rotation":270,"texture":"#0"}}},{"from":[5.5,2.31513,11.03895],"to":[7.5,4.31513,12.03895],"rotation":{"angle":22.5,"axis":"x","origin":[8.25,2.25,8]},"faces":{"north":{"uv":[5,3.5,5.5,4],"texture":"#0"},"east":{"uv":[5.5,5.5,5.75,5],"texture":"#0"},"south":{"uv":[5.5,3.5,5,4],"texture":"#0"},"west":{"uv":[5.75,5.5,5.5,5],"texture":"#0"},"up":{"uv":[5.75,5.5,5.5,5],"rotation":90,"texture":"#0"},"down":{"uv":[5.75,5.5,5.5,5],"rotation":270,"texture":"#0"}}},{"from":[1.75,3.31513,13.13895],"to":[3.75,5.31513,14.13895],"rotation":{"angle":22.5,"axis":"x","origin":[8.25,2.25,8]},"faces":{"north":{"uv":[4.5,4,5,4.5],"texture":"#0"},"east":{"uv":[4.5,6,4.75,5.5],"texture":"#0"},"south":{"uv":[5,4,4.5,4.5],"texture":"#0"},"west":{"uv":[4.75,6,4.5,5.5],"texture":"#0"},"up":{"uv":[4.75,6,4.5,5.5],"rotation":90,"texture":"#0"},"down":{"uv":[4.75,6,4.5,5.5],"rotation":270,"texture":"#0"}}},{"from":[1.75,2.83678,12.0841],"to":[3.75,4.83678,13.0841],"rotation":{"angle":22.5,"axis":"x","origin":[8.25,2.25,8]},"faces":{"north":{"uv":[4.5,4,5,4.5],"texture":"#0"},"east":{"uv":[4.5,6,4.75,5.5],"texture":"#0"},"south":{"uv":[5,4,4.5,4.5],"texture":"#0"},"west":{"uv":[4.75,6,4.5,5.5],"texture":"#0"},"up":{"uv":[4.75,6,4.5,5.5],"rotation":90,"texture":"#0"},"down":{"uv":[4.75,6,4.5,5.5],"rotation":270,"texture":"#0"}}},{"from":[1.75,1.83678,9.9841],"to":[3.75,3.83678,10.9841],"rotation":{"angle":22.5,"axis":"x","origin":[8.25,2.25,8]},"faces":{"north":{"uv":[4.5,4,5,4.5],"texture":"#0"},"east":{"uv":[4.5,6,4.75,5.5],"texture":"#0"},"south":{"uv":[5,4,4.5,4.5],"texture":"#0"},"west":{"uv":[4.75,6,4.5,5.5],"texture":"#0"},"up":{"uv":[4.75,6,4.5,5.5],"rotation":90,"texture":"#0"},"down":{"uv":[4.75,6,4.5,5.5],"rotation":270,"texture":"#0"}}},{"from":[1.75,2.31513,11.03895],"to":[3.75,4.31513,12.03895],"rotation":{"angle":22.5,"axis":"x","origin":[8.25,2.25,8]},"faces":{"north":{"uv":[4.5,4,5,4.5],"texture":"#0"},"east":{"uv":[4.5,6,4.75,5.5],"texture":"#0"},"south":{"uv":[5,4,4.5,4.5],"texture":"#0"},"west":{"uv":[4.75,6,4.5,5.5],"texture":"#0"},"up":{"uv":[4.75,6,4.5,5.5],"rotation":90,"texture":"#0"},"down":{"uv":[4.75,6,4.5,5.5],"rotation":270,"texture":"#0"}}},{"from":[1.75,-0.16322,5.8341],"to":[3.75,1.83678,6.8341],"rotation":{"angle":22.5,"axis":"x","origin":[8.25,2.25,8]},"faces":{"north":{"uv":[4.5,4,5,4.5],"texture":"#0"},"east":{"uv":[4.5,6,4.75,5.5],"texture":"#0"},"south":{"uv":[5,4,4.5,4.5],"texture":"#0"},"west":{"uv":[4.75,6,4.5,5.5],"texture":"#0"},"up":{"uv":[4.75,6,4.5,5.5],"rotation":90,"texture":"#0"},"down":{"uv":[4.75,6,4.5,5.5],"rotation":270,"texture":"#0"}}},{"from":[1.75,0.31513,6.88895],"to":[3.75,2.31513,7.88895],"rotation":{"angle":22.5,"axis":"x","origin":[8.25,2.25,8]},"faces":{"north":{"uv":[4.5,4,5,4.5],"texture":"#0"},"east":{"uv":[4.5,6,4.75,5.5],"texture":"#0"},"south":{"uv":[5,4,4.5,4.5],"texture":"#0"},"west":{"uv":[4.75,6,4.5,5.5],"texture":"#0"},"up":{"uv":[4.75,6,4.5,5.5],"rotation":90,"texture":"#0"},"down":{"uv":[4.75,6,4.5,5.5],"rotation":270,"texture":"#0"}}},{"from":[1.75,0.83678,7.9341],"to":[3.75,2.83678,8.9341],"rotation":{"angle":22.5,"axis":"x","origin":[8.25,2.25,8]},"faces":{"north":{"uv":[4.5,4,5,4.5],"texture":"#0"},"east":{"uv":[4.5,6,4.75,5.5],"texture":"#0"},"south":{"uv":[5,4,4.5,4.5],"texture":"#0"},"west":{"uv":[4.75,6,4.5,5.5],"texture":"#0"},"up":{"uv":[4.75,6,4.5,5.5],"rotation":90,"texture":"#0"},"down":{"uv":[4.75,6,4.5,5.5],"rotation":270,"texture":"#0"}}},{"from":[1.75,1.31513,8.98895],"to":[3.75,3.31513,9.98895],"rotation":{"angle":22.5,"axis":"x","origin":[8.25,2.25,8]},"faces":{"north":{"uv":[4.5,4,5,4.5],"texture":"#0"},"east":{"uv":[4.5,6,4.75,5.5],"texture":"#0"},"south":{"uv":[5,4,4.5,4.5],"texture":"#0"},"west":{"uv":[4.75,6,4.5,5.5],"texture":"#0"},"up":{"uv":[4.75,6,4.5,5.5],"rotation":90,"texture":"#0"},"down":{"uv":[4.75,6,4.5,5.5],"rotation":270,"texture":"#0"}}},{"from":[16.25,2,8.75],"to":[16.25,4,15.75],"rotation":{"angle":0,"axis":"y","origin":[8.25,2.25,8]},"faces":{"north":{"uv":[0,0,0,0.5],"texture":"#0"},"east":{"uv":[0,8,1.75,8.5],"texture":"#0"},"south":{"uv":[0,0,0,0.5],"texture":"#0"},"west":{"uv":[1.75,8,0,8.5],"texture":"#0"},"up":{"uv":[1.75,0,0,0],"rotation":90,"texture":"#0"},"down":{"uv":[1.75,0,0,0],"rotation":270,"texture":"#0"}}},{"from":[0.25,2,8.75],"to":[0.25,4,15.75],"rotation":{"angle":0,"axis":"y","origin":[8.25,2.25,8]},"faces":{"north":{"uv":[0,0,0,0.5],"texture":"#0"},"east":{"uv":[0,8,1.75,8.5],"texture":"#0"},"south":{"uv":[0,0,0,0.5],"texture":"#0"},"west":{"uv":[1.75,8,0,8.5],"texture":"#0"},"up":{"uv":[1.75,0,0,0],"rotation":90,"texture":"#0"},"down":{"uv":[1.75,0,0,0],"rotation":270,"texture":"#0"}}},{"from":[0.25,4,8.75],"to":[16.25,4,15.75],"rotation":{"angle":0,"axis":"y","origin":[8.25,2.25,8]},"faces":{"north":{"uv":[0,0,4,0],"texture":"#0"},"east":{"uv":[0,0,1.75,0],"texture":"#0"},"south":{"uv":[0,0,4,0],"texture":"#0"},"west":{"uv":[0,0,1.75,0],"texture":"#0"},"up":{"uv":[6.75,9.5,5,5.5],"rotation":90,"texture":"#0"},"down":{"uv":[6.75,9.5,5,5.5],"rotation":270,"texture":"#0"}}},{"from":[0.25,2,15.75],"to":[16.25,4,15.75],"rotation":{"angle":0,"axis":"y","origin":[8.25,2.25,8]},"faces":{"north":{"uv":[7.5,2,11.5,2.5],"texture":"#0"},"east":{"uv":[0,0,0,0.5],"texture":"#0"},"south":{"uv":[7.5,2,11.5,2.5],"texture":"#0"},"west":{"uv":[0,0,0,0.5],"texture":"#0"},"up":{"uv":[0,4,0,0],"rotation":90,"texture":"#0"},"down":{"uv":[0,0,0,4],"rotation":270,"texture":"#0"}}}],"gui_light":"front","display":{"thirdperson_righthand":{"rotation":[67.5,0,0],"translation":[0,3,2],"scale":[0.33125,0.33125,0.33125]},"thirdperson_lefthand":{"rotation":[67.5,0,0],"translation":[0,3,2],"scale":[0.33125,0.33125,0.33125]},"firstperson_righthand":{"translation":[0.75,5.75,0],"scale":[0.51633,0.51633,0.51633]},"firstperson_lefthand":{"translation":[0.75,5.75,0],"scale":[0.51633,0.51633,0.51633]},"ground":{"translation":[0,3.5,0],"scale":[0.38086,0.38086,0.38086]},"gui":{"rotation":[30,145,0],"translation":[0.25,3.25,0],"scale":[0.66,0.66,0.66]},"head":{"rotation":[0,-180,0],"translation":[0,-31.25,0],"scale":[0,0,0]},"fixed":{"rotation":[-90,0,0],"translation":[-0.5,0.5,-16],"scale":[2,2,2]}}}