{"credit":"MadewithBlockbench","texture_size":[64,64],"textures":{"0":"elitecreatures:casino_decoration_v2/01_poker_sign_texture","particle":"elitecreatures:casino_decoration_v2/01_poker_sign_texture"},"elements":[{"from":[7,1,7],"to":[9,20,9],"rotation":{"angle":0,"axis":"y","origin":[8,17.75,8]},"faces":{"north":{"uv":[2.5,5.5,3,10.25],"texture":"#0"},"east":{"uv":[2.5,5.5,3,10.25],"texture":"#0"},"south":{"uv":[2.5,5.5,3,10.25],"texture":"#0"},"west":{"uv":[2.5,5.5,3,10.25],"texture":"#0"},"up":{"uv":[2.75,7.25,2.25,6.75],"texture":"#0"},"down":{"uv":[7.25,0,7,0.25],"texture":"#0"}}},{"from":[5.5,0,5.5],"to":[10.5,1,10.5],"rotation":{"angle":0,"axis":"y","origin":[8,17.75,8]},"faces":{"north":{"uv":[6.5,6.25,7.75,6.5],"texture":"#0"},"east":{"uv":[6.5,6.25,7.75,6.5],"texture":"#0"},"south":{"uv":[6.5,6.25,7.75,6.5],"texture":"#0"},"west":{"uv":[6.5,6.25,7.75,6.5],"texture":"#0"},"up":{"uv":[1.25,6.75,0,5.5],"texture":"#0"},"down":{"uv":[2.5,5.5,1.25,6.75],"texture":"#0"}}},{"from":[2,20,8.25],"to":[14,32,9.25],"rotation":{"angle":0,"axis":"y","origin":[8,17.75,8]},"faces":{"north":{"uv":[0,7.25,2.5,10.25],"texture":"#0"},"east":{"uv":[6,5.5,5.75,8.5],"texture":"#0"},"south":{"uv":[2.5,0,5.5,3],"texture":"#0"},"west":{"uv":[5.75,5.5,6,8.5],"texture":"#0"},"up":{"uv":[6.5,4.75,9.5,4.5],"texture":"#0"},"down":{"uv":[6.5,4.5,9.5,4.75],"texture":"#0"}}},{"from":[3.5,21,7.25],"to":[12.5,31,7.25],"rotation":{"angle":0,"axis":"y","origin":[8,17.75,8]},"faces":{"north":{"uv":[0,2.25,2.25,4.75],"texture":"#0"},"east":{"uv":[0,0,0,2.5],"texture":"#0"},"south":{"uv":[2.25,2.25,0,4.75],"texture":"#0"},"west":{"uv":[0,0,0,2.5],"texture":"#0"},"up":{"uv":[2,0,0,0],"texture":"#0"},"down":{"uv":[2,0,0,0],"texture":"#0"}}},{"from":[2,20,6.75],"to":[3,32,8.25],"rotation":{"angle":0,"axis":"y","origin":[8,17.75,8]},"faces":{"north":{"uv":[6,2.5,6.25,5.5],"texture":"#0"},"east":{"uv":[3.5,5.5,3.875,8.5],"texture":"#0"},"south":{"uv":[6,5.5,6.25,8.5],"texture":"#0"},"west":{"uv":[4,5.5,4.375,8.5],"texture":"#0"},"up":{"uv":[5.5,2.875,5.25,2.5],"texture":"#0"},"down":{"uv":[5.5,2.5,5.25,2.875],"texture":"#0"}}},{"from":[13,20,6.75],"to":[14,32,8.25],"rotation":{"angle":0,"axis":"y","origin":[8,17.75,8]},"faces":{"north":{"uv":[6.25,2.5,6.5,5.5],"texture":"#0"},"east":{"uv":[4.375,5.5,4,8.5],"texture":"#0"},"south":{"uv":[6.25,5.5,6.5,8.5],"texture":"#0"},"west":{"uv":[5,5.5,5.375,8.5],"texture":"#0"},"up":{"uv":[5.75,2.875,5.5,2.5],"texture":"#0"},"down":{"uv":[5.25,2.125,5.5,2.5],"texture":"#0"}}},{"from":[3,31,6.75],"to":[13,32,8.25],"rotation":{"angle":0,"axis":"y","origin":[8,17.75,8]},"faces":{"north":{"uv":[6.5,5.5,9,5.75],"texture":"#0"},"east":{"uv":[6.5,6.75,6.875,7],"texture":"#0"},"south":{"uv":[6.5,5.75,8.5,6],"texture":"#0"},"west":{"uv":[0,7,0.375,7.25],"texture":"#0"},"up":{"uv":[9,3.875,6.5,3.5],"texture":"#0"},"down":{"uv":[8.75,4,6.5,4.375],"texture":"#0"}}},{"from":[3,20,6.75],"to":[13,21,8.25],"rotation":{"angle":0,"axis":"y","origin":[8,20.5,7.5]},"faces":{"north":{"uv":[6.5,5.5,9,5.75],"rotation":180,"texture":"#0"},"east":{"uv":[0,7,0.375,7.25],"rotation":180,"texture":"#0"},"south":{"uv":[6.5,5.75,8.5,6],"rotation":180,"texture":"#0"},"west":{"uv":[6.5,6.75,6.875,7],"rotation":180,"texture":"#0"},"up":{"uv":[8.75,4,6.5,4.375],"rotation":180,"texture":"#0"},"down":{"uv":[9,3.875,6.5,3.5],"rotation":180,"texture":"#0"}}}],"gui_light":"front","display":{"thirdperson_righthand":{"rotation":[67.5,0,0],"scale":[0.30336,0.30336,0.30336]},"thirdperson_lefthand":{"rotation":[67.5,0,0],"scale":[0.30336,0.30336,0.30336]},"firstperson_righthand":{"rotation":[0,180,0],"translation":[2.75,2.5,0],"scale":[0.42914,0.42914,0.42914]},"firstperson_lefthand":{"rotation":[0,180,0],"translation":[2.75,2.5,0],"scale":[0.42914,0.42914,0.42914]},"ground":{"translation":[0,3,0],"scale":[0.33531,0.33531,0.33531]},"gui":{"rotation":[30,145,0],"translation":[0,-3.5,0],"scale":[0.45,0.45,0.45]},"head":{"rotation":[0,-180,0],"translation":[0,-31.25,0],"scale":[0,0,0]},"fixed":{"rotation":[-90,0,0],"translation":[0,0,-16],"scale":[2,2,2]}}}