{"credit":"MadewithBlockbench","texture_size":[64,64],"textures":{"0":"elitecreatures:casino_decoration_v2/06_roulette_texture","particle":"elitecreatures:casino_decoration_v2/06_roulette_texture"},"elements":[{"from":[7,2,7],"to":[9,5,9],"rotation":{"angle":0,"axis":"y","origin":[8,1,5]},"faces":{"north":{"uv":[0.5,9.5,1,10.25],"texture":"#0"},"east":{"uv":[0.5,9.5,1,10.25],"texture":"#0"},"south":{"uv":[0.5,9.5,1,10.25],"texture":"#0"},"west":{"uv":[0.5,9.5,1,10.25],"texture":"#0"},"up":{"uv":[1.5,10,1,9.5],"texture":"#0"},"down":{"uv":[2,9.5,1.5,10],"texture":"#0"}}},{"from":[0,0,0],"to":[16,1,16],"faces":{"north":{"uv":[7.75,2.25,11.75,2.5],"texture":"#0"},"east":{"uv":[0,9,4,9.25],"texture":"#0"},"south":{"uv":[7.75,2.25,11.75,2.5],"texture":"#0"},"west":{"uv":[4,9,0,9.25],"texture":"#0"},"up":{"uv":[4,4,0,0],"texture":"#0"},"down":{"uv":[4,4,0,8],"texture":"#0"}}},{"from":[0,1,0],"to":[16,4,1],"faces":{"north":{"uv":[7.75,1.5,11.75,2.25],"texture":"#0"},"east":{"uv":[3,9.5,3.25,10.25],"texture":"#0"},"south":{"uv":[7.5,7,11.5,7.75],"texture":"#0"},"west":{"uv":[3.25,9.5,3,10.25],"texture":"#0"},"up":{"uv":[12,4.75,8,4.5],"texture":"#0"},"down":{"uv":[12,4.75,8,5],"texture":"#0"}}},{"from":[0,1,15],"to":[16,4,16],"faces":{"north":{"uv":[7.5,7.75,11.5,8.5],"texture":"#0"},"east":{"uv":[3.25,9.5,3.5,10.25],"texture":"#0"},"south":{"uv":[7.75,1.5,11.75,2.25],"texture":"#0"},"west":{"uv":[3.5,9.5,3.25,10.25],"texture":"#0"},"up":{"uv":[13,9.25,9,9],"texture":"#0"},"down":{"uv":[4,9.25,0,9.5],"texture":"#0"}}},{"from":[0,1,1],"to":[1,4,15],"rotation":{"angle":0,"axis":"y","origin":[8,1.5,15.5]},"faces":{"north":{"uv":[3.75,9.5,4,10.25],"texture":"#0"},"east":{"uv":[8,0,11.5,0.75],"texture":"#0"},"south":{"uv":[9.5,3.75,9.75,4.5],"texture":"#0"},"west":{"uv":[11.5,1.5,8,2.25],"texture":"#0"},"up":{"uv":[4.5,12.25,4.75,8.75],"texture":"#0"},"down":{"uv":[4.5,8.75,4.25,12.25],"texture":"#0"}}},{"from":[15,1,1],"to":[16,4,15],"rotation":{"angle":0,"axis":"y","origin":[8,1.5,15.5]},"faces":{"north":{"uv":[5,9.5,5.25,10.25],"texture":"#0"},"east":{"uv":[8,1.5,11.5,2.25],"texture":"#0"},"south":{"uv":[5.25,9.5,5.5,10.25],"texture":"#0"},"west":{"uv":[8,2.25,11.5,3],"texture":"#0"},"up":{"uv":[4.75,12.25,4.5,8.75],"texture":"#0"},"down":{"uv":[5,8.75,4.75,12.25],"texture":"#0"}}},{"from":[1,-1,15],"to":[15,4,15],"rotation":{"angle":45,"axis":"x","origin":[8,4,15]},"faces":{"north":{"uv":[9,9.75,12.5,11],"texture":"#0"},"east":{"uv":[0,0,0,1.25],"texture":"#0"},"south":{"uv":[10,3,13.5,4.25],"texture":"#0"},"west":{"uv":[0,0,0,1.25],"texture":"#0"},"up":{"uv":[3.5,0,0,0],"texture":"#0"},"down":{"uv":[3.5,0,0,0],"texture":"#0"}}},{"from":[1,-1,1],"to":[15,4,1],"rotation":{"angle":-45,"axis":"x","origin":[8,4,1]},"faces":{"north":{"uv":[4,0,7.5,1.25],"texture":"#0"},"east":{"uv":[0,0,0,1.25],"texture":"#0"},"south":{"uv":[4,6.25,7.5,7.5],"texture":"#0"},"west":{"uv":[0,0,0,1.25],"texture":"#0"},"up":{"uv":[3.5,0,0,0],"texture":"#0"},"down":{"uv":[3.5,0,0,0],"texture":"#0"}}},{"from":[15,-1,1],"to":[15,4,15],"rotation":{"angle":-45,"axis":"z","origin":[15,4,8]},"faces":{"north":{"uv":[0,0,0,1.25],"texture":"#0"},"east":{"uv":[5.5,10,9,11.25],"texture":"#0"},"south":{"uv":[0,0,0,1.25],"texture":"#0"},"west":{"uv":[0,10.25,3.5,11.5],"texture":"#0"},"up":{"uv":[0,3.5,0,0],"texture":"#0"},"down":{"uv":[0,0,0,3.5],"texture":"#0"}}},{"from":[1,-1,1],"to":[1,4,15],"rotation":{"angle":45,"axis":"z","origin":[1,4,8]},"faces":{"north":{"uv":[0,0,0,1.25],"texture":"#0"},"east":{"uv":[4,2.5,7.5,3.75],"texture":"#0"},"south":{"uv":[0,0,0,1.25],"texture":"#0"},"west":{"uv":[4,7.5,7.5,8.75],"texture":"#0"},"up":{"uv":[0,3.5,0,0],"texture":"#0"},"down":{"uv":[0,0,0,3.5],"texture":"#0"}}},{"from":[5,1,5],"to":[11,2,11],"rotation":{"angle":0,"axis":"y","origin":[8,1,5]},"faces":{"north":{"uv":[5,8.75,6.5,9],"texture":"#0"},"east":{"uv":[5,8.75,6.5,9],"texture":"#0"},"south":{"uv":[5,8.75,6.5,9],"texture":"#0"},"west":{"uv":[5,8.75,6.5,9],"texture":"#0"},"up":{"uv":[9.5,4.5,8,3],"texture":"#0"},"down":{"uv":[9,8.5,7.5,10],"texture":"#0"}}},{"from":[7.5,5,7.5],"to":[8.5,7,8.5],"rotation":{"angle":0,"axis":"y","origin":[8,1,5]},"faces":{"north":{"uv":[5.75,9.5,6,10],"texture":"#0"},"east":{"uv":[5.75,9.5,6,10],"texture":"#0"},"south":{"uv":[5.75,9.5,6,10],"texture":"#0"},"west":{"uv":[5.75,9.5,6,10],"texture":"#0"},"up":{"uv":[10,3.25,9.75,3],"texture":"#0"},"down":{"uv":[10,3.25,9.75,3.5],"texture":"#0"}}},{"from":[7,7,7],"to":[9,8,9],"rotation":{"angle":0,"axis":"y","origin":[8,1,5]},"faces":{"north":{"uv":[9,9.5,9.5,9.75],"texture":"#0"},"east":{"uv":[9,9.5,9.5,9.75],"texture":"#0"},"south":{"uv":[9,9.5,9.5,9.75],"texture":"#0"},"west":{"uv":[9,9.5,9.5,9.75],"texture":"#0"},"up":{"uv":[2.5,10,2,9.5],"texture":"#0"},"down":{"uv":[3,9.5,2.5,10],"texture":"#0"}}},{"from":[7.5,8,7.5],"to":[8.5,9,8.5],"rotation":{"angle":0,"axis":"y","origin":[8,1,5]},"faces":{"north":{"uv":[10,4.25,9.75,4.5],"texture":"#0"},"east":{"uv":[9.75,4.25,10,4.5],"texture":"#0"},"south":{"uv":[10,4.25,9.75,4.5],"texture":"#0"},"west":{"uv":[9.75,4.25,10,4.5],"texture":"#0"},"up":{"uv":[6.75,10,6.5,9.75],"texture":"#0"},"down":{"uv":[7,9.75,6.75,10],"texture":"#0"}}}],"gui_light":"front","display":{"thirdperson_righthand":{"rotation":[67.5,0,0],"translation":[0,3.25,1.75],"scale":[0.31563,0.31563,0.31563]},"thirdperson_lefthand":{"rotation":[67.5,0,0],"translation":[0,3.25,1.75],"scale":[0.31563,0.31563,0.31563]},"firstperson_righthand":{"translation":[0.5,6,0],"scale":[0.51508,0.51508,0.51508]},"firstperson_lefthand":{"translation":[0.5,6,0],"scale":[0.51508,0.51508,0.51508]},"ground":{"translation":[0,4.5,0],"scale":[0.40273,0.40273,0.40273]},"gui":{"rotation":[30,-45,0],"translation":[0,3.25,0],"scale":[0.65,0.65,0.65]},"head":{"rotation":[0,-180,0],"translation":[0,-31.25,0],"scale":[0,0,0]},"fixed":{"rotation":[-90,0,0],"translation":[0,0,-16],"scale":[2,2,2]}}}