{"credit":"MadewithBlockbench","textures":{"0":"elitecreatures:casino_decoration_v2/15_stack_card_texture","particle":"elitecreatures:casino_decoration_v2/15_stack_card_texture"},"elements":[{"from":[2,0,6.5],"to":[2,4,9.5],"rotation":{"angle":-22.5,"axis":"z","origin":[2,0,8]},"faces":{"north":{"uv":[0,0,4,0],"rotation":90,"texture":"#0"},"east":{"uv":[0,4,3,0],"rotation":180,"texture":"#0"},"south":{"uv":[0,0,4,0],"rotation":270,"texture":"#0"},"west":{"uv":[3,4,0,0],"rotation":180,"texture":"#0"},"up":{"uv":[0,0,3,0],"rotation":270,"texture":"#0"},"down":{"uv":[0,0,3,0],"rotation":270,"texture":"#0"}}},{"from":[5,0,6.5],"to":[5,4,9.5],"rotation":{"angle":22.5,"axis":"z","origin":[5,0,8]},"faces":{"north":{"uv":[0,0,4,0],"rotation":90,"texture":"#0"},"east":{"uv":[0,8,3,4],"rotation":180,"texture":"#0"},"south":{"uv":[0,0,4,0],"rotation":270,"texture":"#0"},"west":{"uv":[3,8,0,4],"rotation":180,"texture":"#0"},"up":{"uv":[0,0,3,0],"rotation":270,"texture":"#0"},"down":{"uv":[0,0,3,0],"rotation":270,"texture":"#0"}}},{"from":[8,0,6.5],"to":[8,4,9.5],"rotation":{"angle":22.5,"axis":"z","origin":[8,0,8]},"faces":{"north":{"uv":[0,0,4,0],"rotation":90,"texture":"#0"},"east":{"uv":[6,4,9,0],"rotation":180,"texture":"#0"},"south":{"uv":[0,0,4,0],"rotation":270,"texture":"#0"},"west":{"uv":[9,4,6,0],"rotation":180,"texture":"#0"},"up":{"uv":[0,0,3,0],"rotation":270,"texture":"#0"},"down":{"uv":[0,0,3,0],"rotation":270,"texture":"#0"}}},{"from":[8,0,6.5],"to":[8,4,9.5],"rotation":{"angle":-22.5,"axis":"z","origin":[8,0,8]},"faces":{"north":{"uv":[0,0,4,0],"rotation":90,"texture":"#0"},"east":{"uv":[0,12,3,8],"rotation":180,"texture":"#0"},"south":{"uv":[0,0,4,0],"rotation":270,"texture":"#0"},"west":{"uv":[3,12,0,8],"rotation":180,"texture":"#0"},"up":{"uv":[0,0,3,0],"rotation":270,"texture":"#0"},"down":{"uv":[0,0,3,0],"rotation":270,"texture":"#0"}}},{"from":[5,0,6.5],"to":[5,4,9.5],"rotation":{"angle":-22.5,"axis":"z","origin":[5,0,8]},"faces":{"north":{"uv":[0,0,4,0],"rotation":90,"texture":"#0"},"east":{"uv":[6,12,9,8],"rotation":180,"texture":"#0"},"south":{"uv":[0,0,4,0],"rotation":270,"texture":"#0"},"west":{"uv":[9,12,6,8],"rotation":180,"texture":"#0"},"up":{"uv":[0,0,3,0],"rotation":270,"texture":"#0"},"down":{"uv":[0,0,3,0],"rotation":270,"texture":"#0"}}},{"from":[11,0,6.5],"to":[11,4,9.5],"rotation":{"angle":22.5,"axis":"z","origin":[11,0,8]},"faces":{"north":{"uv":[0,0,4,0],"rotation":90,"texture":"#0"},"east":{"uv":[9,8,12,4],"rotation":180,"texture":"#0"},"south":{"uv":[0,0,4,0],"rotation":270,"texture":"#0"},"west":{"uv":[12,8,9,4],"rotation":180,"texture":"#0"},"up":{"uv":[0,0,3,0],"rotation":270,"texture":"#0"},"down":{"uv":[0,0,3,0],"rotation":270,"texture":"#0"}}},{"from":[11,0,6.5],"to":[11,4,9.5],"rotation":{"angle":-22.5,"axis":"z","origin":[11,0,8.5]},"faces":{"north":{"uv":[0,0,4,0],"rotation":90,"texture":"#0"},"east":{"uv":[0,16,3,12],"rotation":180,"texture":"#0"},"south":{"uv":[0,0,4,0],"rotation":270,"texture":"#0"},"west":{"uv":[3,16,0,12],"rotation":180,"texture":"#0"},"up":{"uv":[0,0,3,0],"rotation":270,"texture":"#0"},"down":{"uv":[0,0,3,0],"rotation":270,"texture":"#0"}}},{"from":[14,0,6.5],"to":[14,4,9.5],"rotation":{"angle":22.5,"axis":"z","origin":[14,0,8]},"faces":{"north":{"uv":[0,0,4,0],"rotation":90,"texture":"#0"},"east":{"uv":[3,16,6,12],"rotation":180,"texture":"#0"},"south":{"uv":[0,0,4,0],"rotation":270,"texture":"#0"},"west":{"uv":[6,16,3,12],"rotation":180,"texture":"#0"},"up":{"uv":[0,0,3,0],"rotation":270,"texture":"#0"},"down":{"uv":[0,0,3,0],"rotation":270,"texture":"#0"}}},{"from":[12.5,3.65,6.5],"to":[12.5,7.65,9.5],"rotation":{"angle":22.5,"axis":"z","origin":[12.5,3.65,8]},"faces":{"north":{"uv":[0,0,4,0],"rotation":90,"texture":"#0"},"east":{"uv":[9,8,12,4],"rotation":180,"texture":"#0"},"south":{"uv":[0,0,4,0],"rotation":270,"texture":"#0"},"west":{"uv":[12,8,9,4],"rotation":180,"texture":"#0"},"up":{"uv":[0,0,3,0],"rotation":270,"texture":"#0"},"down":{"uv":[0,0,3,0],"rotation":270,"texture":"#0"}}},{"from":[6.5,3.65,6.5],"to":[6.5,7.65,9.5],"rotation":{"angle":-22.5,"axis":"z","origin":[6.5,3.65,8]},"faces":{"north":{"uv":[0,0,4,0],"rotation":90,"texture":"#0"},"east":{"uv":[6,12,9,8],"rotation":180,"texture":"#0"},"south":{"uv":[0,0,4,0],"rotation":270,"texture":"#0"},"west":{"uv":[9,12,6,8],"rotation":180,"texture":"#0"},"up":{"uv":[0,0,3,0],"rotation":270,"texture":"#0"},"down":{"uv":[0,0,3,0],"rotation":270,"texture":"#0"}}},{"from":[9.5,3.65,6.5],"to":[9.5,7.65,9.5],"rotation":{"angle":-22.5,"axis":"z","origin":[9.5,3.65,8]},"faces":{"north":{"uv":[0,0,4,0],"rotation":90,"texture":"#0"},"east":{"uv":[0,12,3,8],"rotation":180,"texture":"#0"},"south":{"uv":[0,0,4,0],"rotation":270,"texture":"#0"},"west":{"uv":[3,12,0,8],"rotation":180,"texture":"#0"},"up":{"uv":[0,0,3,0],"rotation":270,"texture":"#0"},"down":{"uv":[0,0,3,0],"rotation":270,"texture":"#0"}}},{"from":[9.5,3.65,6.5],"to":[9.5,7.65,9.5],"rotation":{"angle":22.5,"axis":"z","origin":[9.5,3.65,8]},"faces":{"north":{"uv":[0,0,4,0],"rotation":90,"texture":"#0"},"east":{"uv":[6,4,9,0],"rotation":180,"texture":"#0"},"south":{"uv":[0,0,4,0],"rotation":270,"texture":"#0"},"west":{"uv":[9,4,6,0],"rotation":180,"texture":"#0"},"up":{"uv":[0,0,3,0],"rotation":270,"texture":"#0"},"down":{"uv":[0,0,3,0],"rotation":270,"texture":"#0"}}},{"from":[6.5,3.65,6.5],"to":[6.5,7.65,9.5],"rotation":{"angle":22.5,"axis":"z","origin":[6.5,3.65,8]},"faces":{"north":{"uv":[0,0,4,0],"rotation":90,"texture":"#0"},"east":{"uv":[0,8,3,4],"rotation":180,"texture":"#0"},"south":{"uv":[0,0,4,0],"rotation":270,"texture":"#0"},"west":{"uv":[3,8,0,4],"rotation":180,"texture":"#0"},"up":{"uv":[0,0,3,0],"rotation":270,"texture":"#0"},"down":{"uv":[0,0,3,0],"rotation":270,"texture":"#0"}}},{"from":[3.5,3.65,6.5],"to":[3.5,7.65,9.5],"rotation":{"angle":-22.5,"axis":"z","origin":[3.5,3.65,8]},"faces":{"north":{"uv":[0,0,4,0],"rotation":90,"texture":"#0"},"east":{"uv":[0,4,3,0],"rotation":180,"texture":"#0"},"south":{"uv":[0,0,4,0],"rotation":270,"texture":"#0"},"west":{"uv":[3,4,0,0],"rotation":180,"texture":"#0"},"up":{"uv":[0,0,3,0],"rotation":270,"texture":"#0"},"down":{"uv":[0,0,3,0],"rotation":270,"texture":"#0"}}},{"from":[5,7.35,6.5],"to":[5,11.35,9.5],"rotation":{"angle":-22.5,"axis":"z","origin":[5,7.35,8]},"faces":{"north":{"uv":[0,0,4,0],"rotation":90,"texture":"#0"},"east":{"uv":[6,12,9,8],"rotation":180,"texture":"#0"},"south":{"uv":[0,0,4,0],"rotation":270,"texture":"#0"},"west":{"uv":[9,12,6,8],"rotation":180,"texture":"#0"},"up":{"uv":[0,0,3,0],"rotation":270,"texture":"#0"},"down":{"uv":[0,0,3,0],"rotation":270,"texture":"#0"}}},{"from":[8,7.35,6.5],"to":[8,11.35,9.5],"rotation":{"angle":22.5,"axis":"z","origin":[8,7.35,8]},"faces":{"north":{"uv":[0,0,4,0],"rotation":90,"texture":"#0"},"east":{"uv":[6,4,9,0],"rotation":180,"texture":"#0"},"south":{"uv":[0,0,4,0],"rotation":270,"texture":"#0"},"west":{"uv":[9,4,6,0],"rotation":180,"texture":"#0"},"up":{"uv":[0,0,3,0],"rotation":270,"texture":"#0"},"down":{"uv":[0,0,3,0],"rotation":270,"texture":"#0"}}},{"from":[8,7.35,6.5],"to":[8,11.35,9.5],"rotation":{"angle":-22.5,"axis":"z","origin":[8,7.35,8]},"faces":{"north":{"uv":[0,0,4,0],"rotation":90,"texture":"#0"},"east":{"uv":[0,12,3,8],"rotation":180,"texture":"#0"},"south":{"uv":[0,0,4,0],"rotation":270,"texture":"#0"},"west":{"uv":[3,12,0,8],"rotation":180,"texture":"#0"},"up":{"uv":[0,0,3,0],"rotation":270,"texture":"#0"},"down":{"uv":[0,0,3,0],"rotation":270,"texture":"#0"}}},{"from":[11,7.35,6.5],"to":[11,11.35,9.5],"rotation":{"angle":22.5,"axis":"z","origin":[11,7.35,8]},"faces":{"north":{"uv":[0,0,4,0],"rotation":90,"texture":"#0"},"east":{"uv":[9,8,12,4],"rotation":180,"texture":"#0"},"south":{"uv":[0,0,4,0],"rotation":270,"texture":"#0"},"west":{"uv":[12,8,9,4],"rotation":180,"texture":"#0"},"up":{"uv":[0,0,3,0],"rotation":270,"texture":"#0"},"down":{"uv":[0,0,3,0],"rotation":270,"texture":"#0"}}},{"from":[9.5,10.85,6.5],"to":[9.5,14.85,9.5],"rotation":{"angle":22.5,"axis":"z","origin":[9.5,10.85,8]},"faces":{"north":{"uv":[0,0,4,0],"rotation":90,"texture":"#0"},"east":{"uv":[6,4,9,0],"rotation":180,"texture":"#0"},"south":{"uv":[0,0,4,0],"rotation":270,"texture":"#0"},"west":{"uv":[9,4,6,0],"rotation":180,"texture":"#0"},"up":{"uv":[0,0,3,0],"rotation":270,"texture":"#0"},"down":{"uv":[0,0,3,0],"rotation":270,"texture":"#0"}}},{"from":[6.5,10.85,6.5],"to":[6.5,14.85,9.5],"rotation":{"angle":-22.5,"axis":"z","origin":[6.5,10.85,8]},"faces":{"north":{"uv":[0,0,4,0],"rotation":90,"texture":"#0"},"east":{"uv":[6,12,9,8],"rotation":180,"texture":"#0"},"south":{"uv":[0,0,4,0],"rotation":270,"texture":"#0"},"west":{"uv":[9,12,6,8],"rotation":180,"texture":"#0"},"up":{"uv":[0,0,3,0],"rotation":270,"texture":"#0"},"down":{"uv":[0,0,3,0],"rotation":270,"texture":"#0"}}}],"gui_light":"front","display":{"thirdperson_righthand":{"rotation":[67.5,0,0],"translation":[0,1,1.25],"scale":[0.34563,0.34563,0.34563]},"thirdperson_lefthand":{"rotation":[67.5,0,0],"translation":[0,1,1.25],"scale":[0.34563,0.34563,0.34563]},"firstperson_righthand":{"translation":[2.25,5.5,0],"scale":[0.7193,0.7193,0.7193]},"firstperson_lefthand":{"translation":[2.25,5.5,0],"scale":[0.7193,0.7193,0.7193]},"ground":{"translation":[0,4.75,0],"scale":[0.60172,0.60172,0.60172]},"gui":{"rotation":[30,145,0],"translation":[0,1.25,0],"scale":[0.95,0.95,0.95]},"head":{"rotation":[0,-180,0],"translation":[0,-31.25,0],"scale":[0,0,0]},"fixed":{"rotation":[-90,0,0],"translation":[0,0,-16],"scale":[2,2,2]}}}