{"credit":"MadewithBlockbench","texture_size":[64,64],"textures":{"0":"elitecreatures:casino_decoration_v2/06_roulette_texture","1":"elitecreatures:casino_decoration_v2/20_table_texture","particle":"elitecreatures:casino_decoration_v2/06_roulette_texture"},"elements":[{"from":[7,2,7],"to":[9,5,9],"rotation":{"angle":0,"axis":"y","origin":[8,7.5,8]},"faces":{"north":{"uv":[0.5,9.5,1,10.25],"texture":"#0"},"east":{"uv":[0.5,9.5,1,10.25],"texture":"#0"},"south":{"uv":[0.5,9.5,1,10.25],"texture":"#0"},"west":{"uv":[0.5,9.5,1,10.25],"texture":"#0"},"up":{"uv":[1.5,10,1,9.5],"texture":"#0"},"down":{"uv":[2,9.5,1.5,10],"texture":"#0"}}},{"from":[0,0,0],"to":[16,1,16],"rotation":{"angle":0,"axis":"y","origin":[8,7.5,8]},"faces":{"north":{"uv":[7.75,2.25,11.75,2.5],"texture":"#0"},"east":{"uv":[0,9,4,9.25],"texture":"#0"},"south":{"uv":[7.75,2.25,11.75,2.5],"texture":"#0"},"west":{"uv":[4,9,0,9.25],"texture":"#0"},"up":{"uv":[4,4,0,0],"texture":"#0"},"down":{"uv":[4,4,0,8],"texture":"#0"}}},{"from":[1,4.97487,15.42462],"to":[15,9.97487,15.42462],"rotation":{"angle":45,"axis":"x","origin":[8,7.5,8]},"faces":{"north":{"uv":[9,9.75,12.5,11],"texture":"#0"},"east":{"uv":[0,0,0,1.25],"texture":"#0"},"south":{"uv":[10,3,13.5,4.25],"texture":"#0"},"west":{"uv":[0,0,0,1.25],"texture":"#0"},"up":{"uv":[3.5,0,0,0],"texture":"#0"},"down":{"uv":[3.5,0,0,0],"texture":"#0"}}},{"from":[1,4.97487,0.57538],"to":[15,9.97487,0.57538],"rotation":{"angle":-45,"axis":"x","origin":[8,7.5,8]},"faces":{"north":{"uv":[4,0,7.5,1.25],"texture":"#0"},"east":{"uv":[0,0,0,1.25],"texture":"#0"},"south":{"uv":[4,6.25,7.5,7.5],"texture":"#0"},"west":{"uv":[0,0,0,1.25],"texture":"#0"},"up":{"uv":[3.5,0,0,0],"texture":"#0"},"down":{"uv":[3.5,0,0,0],"texture":"#0"}}},{"from":[15.42462,4.97487,1],"to":[15.42462,9.97487,15],"rotation":{"angle":-45,"axis":"z","origin":[8,7.5,8]},"faces":{"north":{"uv":[0,0,0,1.25],"texture":"#0"},"east":{"uv":[5.5,10,9,11.25],"texture":"#0"},"south":{"uv":[0,0,0,1.25],"texture":"#0"},"west":{"uv":[0,10.25,3.5,11.5],"texture":"#0"},"up":{"uv":[0,3.5,0,0],"texture":"#0"},"down":{"uv":[0,0,0,3.5],"texture":"#0"}}},{"from":[0.57538,4.97487,1],"to":[0.57538,9.97487,15],"rotation":{"angle":45,"axis":"z","origin":[8,7.5,8]},"faces":{"north":{"uv":[0,0,0,1.25],"texture":"#0"},"east":{"uv":[4,2.5,7.5,3.75],"texture":"#0"},"south":{"uv":[0,0,0,1.25],"texture":"#0"},"west":{"uv":[4,7.5,7.5,8.75],"texture":"#0"},"up":{"uv":[0,3.5,0,0],"texture":"#0"},"down":{"uv":[0,0,0,3.5],"texture":"#0"}}},{"from":[5,1,5],"to":[11,2,11],"rotation":{"angle":0,"axis":"y","origin":[8,7.5,8]},"faces":{"north":{"uv":[5,8.75,6.5,9],"texture":"#0"},"east":{"uv":[5,8.75,6.5,9],"texture":"#0"},"south":{"uv":[5,8.75,6.5,9],"texture":"#0"},"west":{"uv":[5,8.75,6.5,9],"texture":"#0"},"up":{"uv":[9.5,4.5,8,3],"texture":"#0"},"down":{"uv":[9,8.5,7.5,10],"texture":"#0"}}},{"from":[7.5,5,7.5],"to":[8.5,7,8.5],"rotation":{"angle":0,"axis":"y","origin":[8,7.5,8]},"faces":{"north":{"uv":[5.75,9.5,6,10],"texture":"#0"},"east":{"uv":[5.75,9.5,6,10],"texture":"#0"},"south":{"uv":[5.75,9.5,6,10],"texture":"#0"},"west":{"uv":[5.75,9.5,6,10],"texture":"#0"},"up":{"uv":[10,3.25,9.75,3],"texture":"#0"},"down":{"uv":[10,3.25,9.75,3.5],"texture":"#0"}}},{"from":[7,7,7],"to":[9,8,9],"rotation":{"angle":0,"axis":"y","origin":[8,7.5,8]},"faces":{"north":{"uv":[9,9.5,9.5,9.75],"texture":"#0"},"east":{"uv":[9,9.5,9.5,9.75],"texture":"#0"},"south":{"uv":[9,9.5,9.5,9.75],"texture":"#0"},"west":{"uv":[9,9.5,9.5,9.75],"texture":"#0"},"up":{"uv":[2.5,10,2,9.5],"texture":"#0"},"down":{"uv":[3,9.5,2.5,10],"texture":"#0"}}},{"from":[7.5,8,7.5],"to":[8.5,9,8.5],"rotation":{"angle":0,"axis":"y","origin":[8,7.5,8]},"faces":{"north":{"uv":[10,4.25,9.75,4.5],"texture":"#0"},"east":{"uv":[9.75,4.25,10,4.5],"texture":"#0"},"south":{"uv":[10,4.25,9.75,4.5],"texture":"#0"},"west":{"uv":[9.75,4.25,10,4.5],"texture":"#0"},"up":{"uv":[6.75,10,6.5,9.75],"texture":"#0"},"down":{"uv":[7,9.75,6.75,10],"texture":"#0"}}},{"from":[0,1,0],"to":[16,10,0],"rotation":{"angle":0,"axis":"y","origin":[8,7.5,8]},"faces":{"north":{"uv":[4.5,0.25,8.5,2.5],"texture":"#1"},"east":{"uv":[0,0,0,2.5],"texture":"#1"},"south":{"uv":[8.5,0.25,4.5,2.5],"texture":"#1"},"west":{"uv":[0,0,0,2.5],"texture":"#1"},"up":{"uv":[4,0,0,0],"texture":"#1"},"down":{"uv":[4,0,0,0],"texture":"#1"}}},{"from":[0,1,16],"to":[16,10,16],"rotation":{"angle":0,"axis":"y","origin":[8,7.5,8]},"faces":{"north":{"uv":[4.5,0.25,8.5,2.5],"texture":"#1"},"east":{"uv":[0,0,0,2.5],"texture":"#1"},"south":{"uv":[8.5,0.25,4.5,2.5],"texture":"#1"},"west":{"uv":[0,0,0,2.5],"texture":"#1"},"up":{"uv":[4,0,0,0],"texture":"#1"},"down":{"uv":[4,0,0,0],"texture":"#1"}}},{"from":[16,1,0],"to":[16,10,16],"rotation":{"angle":0,"axis":"y","origin":[8,7.5,8]},"faces":{"north":{"uv":[0,0,0,2.5],"texture":"#1"},"east":{"uv":[8.5,0.25,4.5,2.5],"texture":"#1"},"south":{"uv":[0,0,0,2.5],"texture":"#1"},"west":{"uv":[4.5,0.25,8.5,2.5],"texture":"#1"},"up":{"uv":[4,0,0,0],"rotation":270,"texture":"#1"},"down":{"uv":[4,0,0,0],"rotation":90,"texture":"#1"}}},{"from":[0,1,0],"to":[0,10,16],"rotation":{"angle":0,"axis":"y","origin":[8,7.5,8]},"faces":{"north":{"uv":[0,0,0,2.5],"texture":"#1"},"east":{"uv":[8.5,0.25,4.5,2.5],"texture":"#1"},"south":{"uv":[0,0,0,2.5],"texture":"#1"},"west":{"uv":[4.5,0.25,8.5,2.5],"texture":"#1"},"up":{"uv":[4,0,0,0],"rotation":270,"texture":"#1"},"down":{"uv":[4,0,0,0],"rotation":90,"texture":"#1"}}},{"from":[-1,10,-1],"to":[17,11,17],"rotation":{"angle":0,"axis":"y","origin":[8,10.5,8]},"faces":{"north":{"uv":[4.5,5,9,5.25],"texture":"#1"},"east":{"uv":[4.5,5.25,9,5.5],"texture":"#1"},"south":{"uv":[4.5,5.75,9,6],"texture":"#1"},"west":{"uv":[4.5,5.75,9,6],"texture":"#1"},"up":{"uv":[4.5,4.5,0,0],"texture":"#1"},"down":{"uv":[0,4.5,4.5,0],"texture":"#1"}}}],"gui_light":"front","display":{"thirdperson_righthand":{"rotation":[67.5,0,0],"translation":[0,2.5,0.75],"scale":[0.26484,0.26484,0.26484]},"thirdperson_lefthand":{"rotation":[67.5,0,0],"translation":[0,2.5,0.75],"scale":[0.26484,0.26484,0.26484]},"firstperson_righthand":{"translation":[0,4.25,-0.5],"scale":[0.43453,0.43453,0.43453]},"firstperson_lefthand":{"translation":[0,4.25,-0.5],"scale":[0.43453,0.43453,0.43453]},"ground":{"translation":[0,1,0],"scale":[0.40133,0.60133,0.40133]},"gui":{"rotation":[30,145,0],"translation":[0,1.25,0],"scale":[0.59,0.75,0.59]},"head":{"rotation":[0,-180,0],"translation":[0,-31.25,0],"scale":[0,0,0]},"fixed":{"rotation":[-90,0,0],"translation":[0,0,-16],"scale":[2,2,2]}}}