{"credit":"MadewithBlockbench","texture_size":[128,128],"textures":{"0":"elitecreatures:coffee_shop_furniture_v1/coffeeshop_texture_01","particle":"elitecreatures:coffee_shop_furniture_v1/coffeeshop_texture_01"},"elements":[{"from":[-16,7,0],"to":[16,9,16],"faces":{"north":{"uv":[12,2,16,2.25],"texture":"#0"},"east":{"uv":[14,2.25,16,2.5],"texture":"#0"},"south":{"uv":[12,2,16,2.25],"texture":"#0"},"west":{"uv":[14,2.25,16,2.5],"texture":"#0"},"up":{"uv":[12,7.375,16,9.375],"texture":"#0"},"down":{"uv":[12,7.375,16,9.375],"texture":"#0"}}},{"from":[7,9,5],"to":[14,10,14],"rotation":{"angle":0,"axis":"y","origin":[0,0,13]},"faces":{"north":{"uv":[12.0625,7.375,12.9375,7.5],"texture":"#0"},"east":{"uv":[12.0625,7.375,13.1875,7.5],"texture":"#0"},"south":{"uv":[12.0625,7.375,12.9375,7.5],"texture":"#0"},"west":{"uv":[12.0625,7.375,13.1875,7.5],"texture":"#0"},"up":{"uv":[11.125,8.875,12,10],"texture":"#0"},"down":{"uv":[11.125,8.875,12,10],"texture":"#0"}}},{"from":[-3,9,5],"to":[4,10,14],"rotation":{"angle":0,"axis":"y","origin":[0,0,28]},"faces":{"north":{"uv":[12.0625,7.375,12.9375,7.5],"texture":"#0"},"east":{"uv":[12.0625,7.375,13.1875,7.5],"texture":"#0"},"south":{"uv":[12.0625,7.375,12.9375,7.5],"texture":"#0"},"west":{"uv":[12.0625,7.375,13.1875,7.5],"texture":"#0"},"up":{"uv":[11.125,8.875,12,10],"texture":"#0"},"down":{"uv":[11.125,8.875,12,10],"texture":"#0"}}},{"from":[-14,9,5],"to":[-7,10,14],"rotation":{"angle":0,"axis":"y","origin":[0,0,24]},"faces":{"north":{"uv":[12.0625,7.375,12.9375,7.5],"texture":"#0"},"east":{"uv":[12.0625,7.375,13.1875,7.5],"texture":"#0"},"south":{"uv":[12.0625,7.375,12.9375,7.5],"texture":"#0"},"west":{"uv":[12.0625,7.375,13.1875,7.5],"texture":"#0"},"up":{"uv":[11.125,8.875,12,10],"texture":"#0"},"down":{"uv":[11.125,8.875,12,10],"texture":"#0"}}},{"from":[-3,16,4],"to":[4,17,13],"rotation":{"angle":0,"axis":"y","origin":[0,0,26]},"faces":{"north":{"uv":[12.0625,7.375,12.9375,7.5],"texture":"#0"},"east":{"uv":[12.0625,7.375,13.1875,7.5],"texture":"#0"},"south":{"uv":[12.0625,7.375,12.9375,7.5],"texture":"#0"},"west":{"uv":[12.0625,7.375,13.1875,7.5],"texture":"#0"},"up":{"uv":[11.125,8.875,12,10],"texture":"#0"},"down":{"uv":[11.125,8.875,12,10],"texture":"#0"}}},{"from":[7,16,3],"to":[14,17,12],"rotation":{"angle":0,"axis":"y","origin":[0,0,28]},"faces":{"north":{"uv":[12.0625,7.375,12.9375,7.5],"texture":"#0"},"east":{"uv":[12.0625,7.375,13.1875,7.5],"texture":"#0"},"south":{"uv":[12.0625,7.375,12.9375,7.5],"texture":"#0"},"west":{"uv":[12.0625,7.375,13.1875,7.5],"texture":"#0"},"up":{"uv":[11.125,8.875,12,10],"texture":"#0"},"down":{"uv":[11.125,8.875,12,10],"texture":"#0"}}},{"from":[-14,16,4],"to":[-7,17,13],"rotation":{"angle":0,"axis":"y","origin":[0,0,13]},"faces":{"north":{"uv":[12.0625,7.375,12.9375,7.5],"texture":"#0"},"east":{"uv":[12.0625,7.375,13.1875,7.5],"texture":"#0"},"south":{"uv":[12.0625,7.375,12.9375,7.5],"texture":"#0"},"west":{"uv":[12.0625,7.375,13.1875,7.5],"texture":"#0"},"up":{"uv":[11.125,8.875,12,10],"texture":"#0"},"down":{"uv":[11.125,8.875,12,10],"texture":"#0"}}},{"from":[-15.9,15.5,2],"to":[15.9,16,8],"faces":{"north":{"uv":[12,2,16,2.0625],"texture":"#0"},"east":{"uv":[14,2.25,14.75,2.3125],"texture":"#0"},"south":{"uv":[12,2,16,2.0625],"texture":"#0"},"west":{"uv":[14,2.25,14.75,2.3125],"texture":"#0"},"up":{"uv":[12,9.375,16,8.625],"texture":"#0"},"down":{"uv":[12,7.375,16,8.125],"texture":"#0"}}},{"from":[-15.9,15.5,8],"to":[15.9,16,14],"rotation":{"angle":0,"axis":"y","origin":[0,0,16]},"faces":{"north":{"uv":[16,2,12,2.0625],"texture":"#0"},"east":{"uv":[14.75,2.25,14,2.3125],"texture":"#0"},"south":{"uv":[16,2,12,2.0625],"texture":"#0"},"west":{"uv":[14.75,2.25,14,2.3125],"texture":"#0"},"up":{"uv":[12,8.125,16,7.375],"texture":"#0"},"down":{"uv":[12,8.125,16,7.375],"texture":"#0"}}},{"from":[-16,23,1.5],"to":[16,24,11.5],"faces":{"north":{"uv":[12,2.0625,16,2.1875],"texture":"#0"},"east":{"uv":[15.9375,2.25,14.6875,2.375],"texture":"#0"},"south":{"uv":[12,2.0625,16,2.1875],"texture":"#0"},"west":{"uv":[14.6875,2.25,15.9375,2.375],"texture":"#0"},"up":{"uv":[11.5,12.9375,15.5,14.1875],"texture":"#0"},"down":{"uv":[11.5,12.9375,15.5,14.1875],"texture":"#0"}}},{"from":[12,0,15],"to":[15,7,15.5],"rotation":{"angle":0,"axis":"y","origin":[0,0,16]},"faces":{"north":{"uv":[3.875,4.3125,3.5,5.1875],"texture":"#0"},"east":{"uv":[4.6875,2.6875,4.625,4.4375],"texture":"#0"},"south":{"uv":[3.875,4.3125,3.5,5.1875],"texture":"#0"},"west":{"uv":[4.6875,2.6875,4.625,4.4375],"texture":"#0"},"up":{"uv":[8.4375,1.8125,8.8125,1.75],"texture":"#0"},"down":{"uv":[8.4375,1.8125,8.8125,1.75],"texture":"#0"}}},{"from":[8,0,15],"to":[11,7,15.5],"rotation":{"angle":0,"axis":"y","origin":[0,0,16]},"faces":{"north":{"uv":[3.875,4.3125,3.5,5.1875],"texture":"#0"},"east":{"uv":[4.6875,2.6875,4.625,4.4375],"texture":"#0"},"south":{"uv":[3.875,4.3125,3.5,5.1875],"texture":"#0"},"west":{"uv":[4.6875,2.6875,4.625,4.4375],"texture":"#0"},"up":{"uv":[8.4375,1.8125,8.8125,1.75],"texture":"#0"},"down":{"uv":[8.4375,1.8125,8.8125,1.75],"texture":"#0"}}},{"from":[4,0,15],"to":[7,7,15.5],"rotation":{"angle":0,"axis":"y","origin":[0,0,16]},"faces":{"north":{"uv":[3.875,4.3125,3.5,5.1875],"texture":"#0"},"east":{"uv":[4.6875,2.6875,4.625,4.4375],"texture":"#0"},"south":{"uv":[3.875,4.3125,3.5,5.1875],"texture":"#0"},"west":{"uv":[4.6875,2.6875,4.625,4.4375],"texture":"#0"},"up":{"uv":[8.4375,1.8125,8.8125,1.75],"texture":"#0"},"down":{"uv":[8.4375,1.8125,8.8125,1.75],"texture":"#0"}}},{"from":[0,0,15],"to":[3,7,15.5],"rotation":{"angle":0,"axis":"y","origin":[0,0,16]},"faces":{"north":{"uv":[3.875,4.3125,3.5,5.1875],"texture":"#0"},"east":{"uv":[4.6875,2.6875,4.625,4.4375],"texture":"#0"},"south":{"uv":[3.875,4.3125,3.5,5.1875],"texture":"#0"},"west":{"uv":[4.6875,2.6875,4.625,4.4375],"texture":"#0"},"up":{"uv":[8.4375,1.8125,8.8125,1.75],"texture":"#0"},"down":{"uv":[8.4375,1.8125,8.8125,1.75],"texture":"#0"}}},{"from":[0,0,0.5],"to":[3,7,1],"faces":{"north":{"uv":[3.5,4.3125,3.875,5.1875],"texture":"#0"},"east":{"uv":[4.625,2.6875,4.6875,4.4375],"texture":"#0"},"south":{"uv":[3.5,4.3125,3.875,5.1875],"texture":"#0"},"west":{"uv":[4.625,2.6875,4.6875,4.4375],"texture":"#0"},"up":{"uv":[8.4375,1.75,8.8125,1.8125],"texture":"#0"},"down":{"uv":[8.4375,1.75,8.8125,1.8125],"texture":"#0"}}},{"from":[4,0,0.5],"to":[7,7,1],"faces":{"north":{"uv":[3.5,4.3125,3.875,5.1875],"texture":"#0"},"east":{"uv":[4.625,2.6875,4.6875,4.4375],"texture":"#0"},"south":{"uv":[3.5,4.3125,3.875,5.1875],"texture":"#0"},"west":{"uv":[4.625,2.6875,4.6875,4.4375],"texture":"#0"},"up":{"uv":[8.4375,1.75,8.8125,1.8125],"texture":"#0"},"down":{"uv":[8.4375,1.75,8.8125,1.8125],"texture":"#0"}}},{"from":[8,0,0.5],"to":[11,7,1],"faces":{"north":{"uv":[3.5,4.3125,3.875,5.1875],"texture":"#0"},"east":{"uv":[4.625,2.6875,4.6875,4.4375],"texture":"#0"},"south":{"uv":[3.5,4.3125,3.875,5.1875],"texture":"#0"},"west":{"uv":[4.625,2.6875,4.6875,4.4375],"texture":"#0"},"up":{"uv":[8.4375,1.75,8.8125,1.8125],"texture":"#0"},"down":{"uv":[8.4375,1.75,8.8125,1.8125],"texture":"#0"}}},{"from":[12,0,0.5],"to":[15,7,1],"faces":{"north":{"uv":[3.5,4.3125,3.875,5.1875],"texture":"#0"},"east":{"uv":[4.625,2.6875,4.6875,4.4375],"texture":"#0"},"south":{"uv":[3.5,4.3125,3.875,5.1875],"texture":"#0"},"west":{"uv":[4.625,2.6875,4.6875,4.4375],"texture":"#0"},"up":{"uv":[8.4375,1.75,8.8125,1.8125],"texture":"#0"},"down":{"uv":[8.4375,1.75,8.8125,1.8125],"texture":"#0"}}},{"from":[-16,0,1],"to":[16,7,15],"rotation":{"angle":0,"axis":"y","origin":[0,0,16]},"faces":{"north":{"uv":[12,4.625,16,5.5],"texture":"#0"},"east":{"uv":[15.9375,4.625,14.1875,5.5],"texture":"#0"},"south":{"uv":[16,4.625,12,5.5],"texture":"#0"},"west":{"uv":[15.9375,4.625,14.1875,5.5],"texture":"#0"},"up":{"uv":[12.75,5.625,16.75,3.875],"texture":"#0"},"down":{"uv":[12.75,5.625,16.75,3.875],"texture":"#0"}}},{"from":[-16,9,15],"to":[16,15,15],"rotation":{"angle":0,"axis":"y","origin":[16,26,16]},"faces":{"north":{"uv":[4,11.875,0,12.625],"texture":"#0"},"east":{"uv":[2,8.625,4,10.375],"texture":"#missing"},"south":{"uv":[0,11.875,4,12.625],"texture":"#0"},"west":{"uv":[2,8.625,4,10.375],"texture":"#missing"},"up":{"uv":[2,12.375,6,14],"texture":"#missing"},"down":{"uv":[2,14,6,12.375],"texture":"#missing"}}},{"from":[-16,15,15],"to":[16,24,15],"rotation":{"angle":-22.5,"axis":"x","origin":[0,15,15]},"faces":{"north":{"uv":[4,10.75,0,11.875],"texture":"#0"},"east":{"uv":[2,8.625,4,10.375],"texture":"#missing"},"south":{"uv":[0,10.75,4,11.875],"texture":"#0"},"west":{"uv":[2,8.625,4,10.375],"texture":"#missing"},"up":{"uv":[2,12.375,6,14],"texture":"#missing"},"down":{"uv":[2,14,6,12.375],"texture":"#missing"}}},{"from":[-16,9,2],"to":[-16,23,15],"rotation":{"angle":0,"axis":"y","origin":[16,26,16]},"faces":{"north":{"uv":[6,12.375,2,14.125],"texture":"#missing"},"east":{"uv":[1.625,7.375,0,9.125],"texture":"#0"},"south":{"uv":[2,12.375,2,14.125],"texture":"#missing"},"west":{"uv":[0,7.375,1.625,9.125],"texture":"#0"},"up":{"uv":[2,12.375,6,14],"texture":"#missing"},"down":{"uv":[2,14,6,12.375],"texture":"#missing"}}},{"from":[16,9,2],"to":[16,23,15],"rotation":{"angle":0,"axis":"y","origin":[0,26,16]},"faces":{"north":{"uv":[2,12.375,6,14.125],"texture":"#missing"},"east":{"uv":[1.625,7.375,0,9.125],"texture":"#0"},"south":{"uv":[2,12.375,2,14.125],"texture":"#missing"},"west":{"uv":[0,7.375,1.625,9.125],"texture":"#0"},"up":{"uv":[6,12.375,2,14],"texture":"#missing"},"down":{"uv":[6,14,2,12.375],"texture":"#missing"}}},{"from":[9,10,6.5],"to":[12,11,9.5],"rotation":{"angle":0,"axis":"y","origin":[10.5,11.5,13]},"faces":{"north":{"uv":[3.875,4.6875,4.25,4.8125],"rotation":180,"texture":"#0"},"east":{"uv":[3.3125,4.875,3.4375,5.25],"rotation":90,"texture":"#0"},"south":{"uv":[3.875,4.6875,4.25,4.8125],"texture":"#0"},"west":{"uv":[3.3125,4.875,3.4375,5.25],"rotation":270,"texture":"#0"},"up":{"uv":[3.875,4.3125,4.25,4.6875],"texture":"#0"},"down":{"uv":[4.25,4.3125,3.875,4.6875],"rotation":180,"texture":"#0"}}},{"from":[10.5,17,6.5],"to":[13.5,18,9.5],"rotation":{"angle":0,"axis":"y","origin":[11.5,17.5,11]},"faces":{"north":{"uv":[3.5,5.5625,3.875,5.6875],"rotation":180,"texture":"#0"},"east":{"uv":[3.5,5.5625,3.875,5.6875],"rotation":180,"texture":"#0"},"south":{"uv":[3.5,5.5625,3.875,5.6875],"rotation":180,"texture":"#0"},"west":{"uv":[3.5,5.5625,3.875,5.6875],"rotation":180,"texture":"#0"},"up":{"uv":[3.125,5.6875,3.5,6.0625],"texture":"#0"},"down":{"uv":[3.125,5.6875,3.5,6.0625],"texture":"#0"}}},{"from":[7.5,17,3.5],"to":[10.5,18,6.5],"rotation":{"angle":0,"axis":"y","origin":[11.5,17.5,11]},"faces":{"north":{"uv":[3.5,5.5625,3.875,5.6875],"rotation":180,"texture":"#0"},"east":{"uv":[3.5,5.5625,3.875,5.6875],"rotation":180,"texture":"#0"},"south":{"uv":[3.5,5.5625,3.875,5.6875],"rotation":180,"texture":"#0"},"west":{"uv":[3.5,5.5625,3.875,5.6875],"rotation":180,"texture":"#0"},"up":{"uv":[3.125,5.6875,3.5,6.0625],"texture":"#0"},"down":{"uv":[3.125,5.6875,3.5,6.0625],"texture":"#0"}}},{"from":[10,16.5,8.5],"to":[13,17.5,11.5],"rotation":{"angle":45,"axis":"x","origin":[11.5,17.5,11]},"faces":{"north":{"uv":[3.5,5.5625,3.875,5.6875],"rotation":180,"texture":"#0"},"east":{"uv":[3.5,5.5625,3.875,5.6875],"rotation":180,"texture":"#0"},"south":{"uv":[3.5,5.5625,3.875,5.6875],"rotation":180,"texture":"#0"},"west":{"uv":[3.5,5.5625,3.875,5.6875],"rotation":180,"texture":"#0"},"up":{"uv":[3.125,5.6875,3.5,6.0625],"texture":"#0"},"down":{"uv":[3.125,5.6875,3.5,6.0625],"texture":"#0"}}},{"from":[7.5,17,7.5],"to":[10.5,18,10.5],"rotation":{"angle":0,"axis":"y","origin":[10.5,11.5,30]},"faces":{"north":{"uv":[3.5,5.5625,3.875,5.6875],"rotation":180,"texture":"#0"},"east":{"uv":[3.5,5.5625,3.875,5.6875],"rotation":180,"texture":"#0"},"south":{"uv":[3.5,5.5625,3.875,5.6875],"rotation":180,"texture":"#0"},"west":{"uv":[3.5,5.5625,3.875,5.6875],"rotation":180,"texture":"#0"},"up":{"uv":[3.125,6.0625,3.5,6.4375],"texture":"#0"},"down":{"uv":[3.125,5.6875,3.5,6.0625],"texture":"#0"}}},{"from":[9.5,18,5.5],"to":[12.5,19,8.5],"rotation":{"angle":0,"axis":"y","origin":[10.5,11.5,30]},"faces":{"north":{"uv":[3.5,5.5625,3.875,5.6875],"rotation":180,"texture":"#0"},"east":{"uv":[3.5,5.5625,3.875,5.6875],"rotation":180,"texture":"#0"},"south":{"uv":[3.5,5.5625,3.875,5.6875],"rotation":180,"texture":"#0"},"west":{"uv":[3.5,5.5625,3.875,5.6875],"rotation":180,"texture":"#0"},"up":{"uv":[3.125,6.0625,3.5,6.4375],"texture":"#0"},"down":{"uv":[3.125,5.6875,3.5,6.0625],"texture":"#0"}}},{"from":[-0.5,10,6.2],"to":[2.5,11,9.2],"rotation":{"angle":0,"axis":"y","origin":[10.5,11.5,27.7]},"faces":{"north":{"uv":[3.625,5.1875,4,5.3125],"rotation":180,"texture":"#0"},"east":{"uv":[3.5,5.1875,3.625,5.5625],"rotation":90,"texture":"#0"},"south":{"uv":[3.625,5.1875,4,5.3125],"rotation":180,"texture":"#0"},"west":{"uv":[3.5,5.5625,3.625,5.1875],"rotation":90,"texture":"#0"},"up":{"uv":[3.875,4.8125,4.25,5.1875],"texture":"#0"},"down":{"uv":[3.875,4.8125,4.25,5.1875],"texture":"#0"}}},{"from":[-1,10.8,7.4],"to":[2,11.8,10.4],"rotation":{"angle":22.5,"axis":"x","origin":[0.5,10.5,7.7]},"faces":{"north":{"uv":[3.625,5.1875,4,5.3125],"rotation":180,"texture":"#0"},"east":{"uv":[3.5,5.1875,3.625,5.5625],"rotation":90,"texture":"#0"},"south":{"uv":[3.625,5.1875,4,5.3125],"rotation":180,"texture":"#0"},"west":{"uv":[3.5,5.5625,3.625,5.1875],"rotation":90,"texture":"#0"},"up":{"uv":[3.875,4.8125,4.25,5.1875],"texture":"#0"},"down":{"uv":[3.875,4.8125,4.25,5.1875],"texture":"#0"}}},{"from":[-2,12.5,8],"to":[1,13.5,11],"rotation":{"angle":45,"axis":"x","origin":[0.5,10.5,7.7]},"faces":{"north":{"uv":[3.625,5.1875,4,5.3125],"rotation":180,"texture":"#0"},"east":{"uv":[3.5,5.1875,3.625,5.5625],"rotation":90,"texture":"#0"},"south":{"uv":[3.625,5.1875,4,5.3125],"rotation":180,"texture":"#0"},"west":{"uv":[3.5,5.5625,3.625,5.1875],"rotation":90,"texture":"#0"},"up":{"uv":[3.875,4.8125,4.25,5.1875],"texture":"#0"},"down":{"uv":[3.875,5.1875,4.25,4.8125],"texture":"#0"}}},{"from":[8.5,10.5,8.5],"to":[11.5,11.5,11.5],"rotation":{"angle":22.5,"axis":"x","origin":[10.5,10.5,10]},"faces":{"north":{"uv":[3.875,4.6875,4.25,4.8125],"rotation":180,"texture":"#0"},"east":{"uv":[3.3125,4.875,3.4375,5.25],"rotation":90,"texture":"#0"},"south":{"uv":[3.875,4.6875,4.25,4.8125],"texture":"#0"},"west":{"uv":[3.3125,4.875,3.4375,5.25],"rotation":270,"texture":"#0"},"up":{"uv":[3.875,4.3125,4.25,4.6875],"texture":"#0"},"down":{"uv":[4.25,4.3125,3.875,4.6875],"rotation":180,"texture":"#0"}}},{"from":[9.8,8,11],"to":[12.8,11,12],"rotation":{"angle":-45,"axis":"x","origin":[10.5,10.5,10]},"faces":{"north":{"uv":[4.25,4.3125,3.875,4.6875],"texture":"#0"},"east":{"uv":[3.3125,4.875,3.4375,5.25],"texture":"#0"},"south":{"uv":[3.875,4.3125,4.25,4.6875],"texture":"#0"},"west":{"uv":[3.3125,4.875,3.4375,5.25],"texture":"#0"},"up":{"uv":[3.875,4.6875,4.25,4.8125],"texture":"#0"},"down":{"uv":[3.875,4.6875,4.25,4.8125],"texture":"#0"}}},{"from":[-1,16.5,9],"to":[2,18.5,12],"rotation":{"angle":0,"axis":"y","origin":[-4,-0.5,10]},"faces":{"north":{"uv":[4.25,4.8125,4.625,5.0625],"texture":"#0"},"east":{"uv":[4.25,4.8125,4.625,5.0625],"texture":"#0"},"south":{"uv":[4.25,4.8125,4.625,5.0625],"texture":"#0"},"west":{"uv":[4.25,4.8125,4.625,5.0625],"texture":"#0"},"up":{"uv":[4.25,4.4375,4.625,4.8125],"rotation":90,"texture":"#0"},"down":{"uv":[4.25,4.4375,4.625,4.8125],"rotation":270,"texture":"#0"}}},{"from":[-2.9,16.5,10.9],"to":[-0.9,18,12.9],"rotation":{"angle":22.5,"axis":"y","origin":[-4,-0.5,10]},"faces":{"north":{"uv":[4.25,5.1875,4,5.375],"texture":"#0"},"east":{"uv":[3.625,5.3125,3.875,5.5],"texture":"#0"},"south":{"uv":[4,5.1875,4.25,5.375],"texture":"#0"},"west":{"uv":[3.625,5.3125,3.875,5.5],"texture":"#0"},"up":{"uv":[4.25,5.0625,4.5,5.3125],"rotation":90,"texture":"#0"},"down":{"uv":[4.25,5.0625,4.5,5.3125],"rotation":270,"texture":"#0"}}},{"from":[1.9,16.5,10.9],"to":[3.9,18,12.9],"rotation":{"angle":-22.5,"axis":"y","origin":[5,-0.5,10]},"faces":{"north":{"uv":[4,5.1875,4.25,5.375],"texture":"#0"},"east":{"uv":[3.875,5.3125,3.625,5.5],"texture":"#0"},"south":{"uv":[4.25,5.1875,4,5.375],"texture":"#0"},"west":{"uv":[3.875,5.3125,3.625,5.5],"texture":"#0"},"up":{"uv":[4.25,5.3125,4.5,5.0625],"rotation":90,"texture":"#0"},"down":{"uv":[4.25,5.3125,4.5,5.0625],"rotation":270,"texture":"#0"}}},{"from":[-1.39269,17,7.80555],"to":[0.60731,18.5,9.80555],"rotation":{"angle":-45,"axis":"y","origin":[0.1,17.875,7.02587]},"faces":{"north":{"uv":[3.625,5.3125,3.875,5.5],"texture":"#0"},"east":{"uv":[4,5.1875,4.25,5.375],"texture":"#0"},"south":{"uv":[3.625,5.3125,3.875,5.5],"texture":"#0"},"west":{"uv":[4.25,5.1875,4,5.375],"texture":"#0"},"up":{"uv":[4.25,5.0625,4.5,5.3125],"texture":"#0"},"down":{"uv":[4.25,5.0625,4.5,5.3125],"texture":"#0"}}},{"from":[-1.4,17,5.3],"to":[1.6,19,8.3],"rotation":{"angle":22.5,"axis":"y","origin":[0.1,17.875,7.02587]},"faces":{"north":{"uv":[4.25,4.8125,4.625,5.0625],"texture":"#0"},"east":{"uv":[4.25,4.8125,4.625,5.0625],"texture":"#0"},"south":{"uv":[4.25,4.8125,4.625,5.0625],"texture":"#0"},"west":{"uv":[4.25,4.8125,4.625,5.0625],"texture":"#0"},"up":{"uv":[4.25,4.4375,4.625,4.8125],"rotation":90,"texture":"#0"},"down":{"uv":[4.25,4.4375,4.625,4.8125],"rotation":270,"texture":"#0"}}},{"from":[0.87968,17,5.53318],"to":[2.87968,18.5,7.53318],"rotation":{"angle":0,"axis":"y","origin":[0.1,17.875,7.02587]},"faces":{"north":{"uv":[4,5.1875,4.25,5.375],"texture":"#0"},"east":{"uv":[3.875,5.3125,3.625,5.5],"texture":"#0"},"south":{"uv":[4.25,5.1875,4,5.375],"texture":"#0"},"west":{"uv":[3.875,5.3125,3.625,5.5],"texture":"#0"},"up":{"uv":[4.25,5.3125,4.5,5.0625],"rotation":90,"texture":"#0"},"down":{"uv":[4.25,5.3125,4.5,5.0625],"rotation":270,"texture":"#0"}}},{"from":[-12,17,4.5],"to":[-8.5,18,8],"faces":{"north":{"uv":[3.5,6.25,3.9375,6.375],"texture":"#0"},"east":{"uv":[3.5,6.125,3.9375,6.25],"texture":"#0"},"south":{"uv":[3.5,6.25,3.9375,6.375],"texture":"#0"},"west":{"uv":[3.5,6.125,3.9375,6.25],"texture":"#0"},"up":{"uv":[3.9375,6.125,3.5,5.6875],"texture":"#0"},"down":{"uv":[3.5,5.6875,3.9375,6.125],"texture":"#0"}}},{"from":[-13,17,8.5],"to":[-9.5,18,12],"faces":{"north":{"uv":[3.5,6.25,3.9375,6.375],"texture":"#0"},"east":{"uv":[3.5,6.125,3.9375,6.25],"texture":"#0"},"south":{"uv":[3.5,6.25,3.9375,6.375],"texture":"#0"},"west":{"uv":[3.5,6.125,3.9375,6.25],"texture":"#0"},"up":{"uv":[3.5,5.6875,3.9375,6.125],"texture":"#0"},"down":{"uv":[3.5,5.6875,3.9375,6.125],"texture":"#0"}}},{"from":[-12,10,9],"to":[-8.5,11,11],"rotation":{"angle":0,"axis":"y","origin":[-4,-0.5,23]},"faces":{"north":{"uv":[3.9375,5.9375,4.375,6.0625],"texture":"#0"},"east":{"uv":[4,5.8125,4.25,5.9375],"texture":"#0"},"south":{"uv":[3.9375,5.9375,4.375,6.0625],"texture":"#0"},"west":{"uv":[4,5.8125,4.25,5.9375],"texture":"#0"},"up":{"uv":[4,5.375,4.25,5.8125],"rotation":90,"texture":"#0"},"down":{"uv":[4,5.375,4.25,5.8125],"rotation":90,"texture":"#0"}}},{"from":[-12.5,10,7.5],"to":[-8,11,9],"rotation":{"angle":0,"axis":"y","origin":[-4,-0.5,23]},"faces":{"north":{"uv":[3.9375,6.1875,4.5,6.3125],"texture":"#0"},"east":{"uv":[3.9375,6.0625,4.125,6.1875],"texture":"#0"},"south":{"uv":[3.9375,6.1875,4.5,6.3125],"texture":"#0"},"west":{"uv":[3.9375,6.0625,4.125,6.1875],"texture":"#0"},"up":{"uv":[4.25,5.375,4.4375,5.9375],"rotation":90,"texture":"#0"},"down":{"uv":[4.25,5.375,4.4375,5.9375],"rotation":90,"texture":"#0"}}},{"from":[-12,10,6.5],"to":[-8.5,11,7.5],"rotation":{"angle":0,"axis":"y","origin":[-4,-0.5,23]},"faces":{"north":{"uv":[3.9375,5.9375,4.375,6.0625],"texture":"#0"},"east":{"uv":[4.25,5.9375,4.375,6.0625],"texture":"#0"},"south":{"uv":[3.9375,5.9375,4.375,6.0625],"texture":"#0"},"west":{"uv":[4.25,5.9375,4.375,6.0625],"texture":"#0"},"up":{"uv":[4.25,5.375,4.125,5.8125],"rotation":90,"texture":"#0"},"down":{"uv":[4.25,5.375,4.125,5.8125],"rotation":90,"texture":"#0"}}},{"from":[-13,11,8],"to":[-9.5,12,10],"rotation":{"angle":0,"axis":"y","origin":[-4,-0.5,23]},"faces":{"north":{"uv":[3.9375,5.9375,4.375,6.0625],"texture":"#0"},"east":{"uv":[4,5.8125,4.25,5.9375],"texture":"#0"},"south":{"uv":[3.9375,5.9375,4.375,6.0625],"texture":"#0"},"west":{"uv":[4,5.8125,4.25,5.9375],"texture":"#0"},"up":{"uv":[4,5.375,4.25,5.8125],"rotation":90,"texture":"#0"},"down":{"uv":[4,5.375,4.25,5.8125],"rotation":90,"texture":"#0"}}},{"from":[-13.5,11,6.5],"to":[-9,12,8],"rotation":{"angle":0,"axis":"y","origin":[-4,-0.5,23]},"faces":{"north":{"uv":[3.9375,6.1875,4.5,6.3125],"texture":"#0"},"east":{"uv":[3.9375,6.0625,4.125,6.1875],"texture":"#0"},"south":{"uv":[3.9375,6.1875,4.5,6.3125],"texture":"#0"},"west":{"uv":[3.9375,6.0625,4.125,6.1875],"texture":"#0"},"up":{"uv":[4.25,5.375,4.4375,5.9375],"rotation":90,"texture":"#0"},"down":{"uv":[4.25,5.375,4.4375,5.9375],"rotation":90,"texture":"#0"}}},{"from":[-13,11,5.5],"to":[-9.5,12,6.5],"rotation":{"angle":0,"axis":"y","origin":[-4,-0.5,23]},"faces":{"north":{"uv":[3.9375,5.9375,4.375,6.0625],"texture":"#0"},"east":{"uv":[4.25,5.9375,4.375,6.0625],"texture":"#0"},"south":{"uv":[3.9375,5.9375,4.375,6.0625],"texture":"#0"},"west":{"uv":[4.25,5.9375,4.375,6.0625],"texture":"#0"},"up":{"uv":[4.25,5.375,4.125,5.8125],"rotation":90,"texture":"#0"},"down":{"uv":[4.25,5.375,4.125,5.8125],"rotation":90,"texture":"#0"}}},{"from":[-12,11.7,11],"to":[-8.5,12.7,13],"rotation":{"angle":22.5,"axis":"x","origin":[-11.25,11.5,8.5]},"faces":{"north":{"uv":[3.9375,5.9375,4.375,6.0625],"texture":"#0"},"east":{"uv":[4,5.8125,4.25,5.9375],"texture":"#0"},"south":{"uv":[3.9375,5.9375,4.375,6.0625],"texture":"#0"},"west":{"uv":[4,5.8125,4.25,5.9375],"texture":"#0"},"up":{"uv":[4,5.375,4.25,5.8125],"rotation":90,"texture":"#0"},"down":{"uv":[4,5.375,4.25,5.8125],"rotation":90,"texture":"#0"}}},{"from":[-12.5,11.7,9.5],"to":[-8,12.7,11],"rotation":{"angle":22.5,"axis":"x","origin":[-11.25,11.5,8.5]},"faces":{"north":{"uv":[3.9375,6.1875,4.5,6.3125],"texture":"#0"},"east":{"uv":[3.9375,6.0625,4.125,6.1875],"texture":"#0"},"south":{"uv":[3.9375,6.1875,4.5,6.3125],"texture":"#0"},"west":{"uv":[3.9375,6.0625,4.125,6.1875],"texture":"#0"},"up":{"uv":[4.25,5.375,4.4375,5.9375],"rotation":90,"texture":"#0"},"down":{"uv":[4.25,5.375,4.4375,5.9375],"rotation":90,"texture":"#0"}}},{"from":[-12,11.7,8.5],"to":[-8.5,12.7,9.5],"rotation":{"angle":22.5,"axis":"x","origin":[-11.25,11.5,8.5]},"faces":{"north":{"uv":[3.9375,5.9375,4.375,6.0625],"texture":"#0"},"east":{"uv":[4.25,5.9375,4.375,6.0625],"texture":"#0"},"south":{"uv":[3.9375,5.9375,4.375,6.0625],"texture":"#0"},"west":{"uv":[4.25,5.9375,4.375,6.0625],"texture":"#0"},"up":{"uv":[4.25,5.375,4.125,5.8125],"rotation":90,"texture":"#0"},"down":{"uv":[4.25,5.375,4.125,5.8125],"rotation":90,"texture":"#0"}}},{"from":[15,9,1.5],"to":[16,23,2],"faces":{"north":{"uv":[8.625,2,8.5,3.75],"texture":"#0"},"east":{"uv":[8.25,2,8.3125,3.75],"texture":"#0"},"south":{"uv":[8.5,2,8.625,3.75],"texture":"#0"},"west":{"uv":[8.25,2,8.3125,3.75],"texture":"#0"},"up":{"uv":[8.4375,1.875,8.5625,1.9375],"texture":"#0"},"down":{"uv":[8.4375,1.875,8.5625,1.9375],"texture":"#0"}}},{"from":[-16,9,1.5],"to":[-15,23,2],"rotation":{"angle":0,"axis":"y","origin":[16,0,0]},"faces":{"north":{"uv":[8.5,2,8.625,3.75],"texture":"#0"},"east":{"uv":[8.3125,2,8.25,3.75],"texture":"#0"},"south":{"uv":[8.625,2,8.5,3.75],"texture":"#0"},"west":{"uv":[8.3125,2,8.25,3.75],"texture":"#0"},"up":{"uv":[8.5625,1.875,8.4375,1.9375],"texture":"#0"},"down":{"uv":[8.5625,1.875,8.4375,1.9375],"texture":"#0"}}}],"gui_light":"front","display":{"thirdperson_righthand":{"rotation":[67.5,0,0],"translation":[1.25,1.25,0],"scale":[0.15625,0.15625,0.15625]},"thirdperson_lefthand":{"rotation":[67.5,0,0],"translation":[-1.25,1.25,0],"scale":[0.15625,0.15625,0.15625]},"firstperson_righthand":{"translation":[2.75,3,0],"scale":[0.25547,0.25547,0.25547]},"firstperson_lefthand":{"translation":[-0.25,3,0],"scale":[0.25547,0.25547,0.25547]},"ground":{"translation":[3.5,6,-0.5],"scale":[0.4,0.4,0.4]},"gui":{"rotation":[30,135,0],"translation":[-2.5,0,0],"scale":[0.41016,0.41016,0.41016]},"head":{"rotation":[0,180,0],"translation":[0,-30.4,0],"scale":[1.6,1.6,1.6]},"fixed":{"rotation":[-90,0,0],"translation":[0,0,-16],"scale":[2,2,2]}}}