{"credit":"MadewithBlockbench","texture_size":[128,128],"textures":{"0":"elitecreatures:coffee_shop_furniture_v1/coffeeshop_texture_01","particle":"elitecreatures:coffee_shop_furniture_v1/coffeeshop_texture_01"},"elements":[{"from":[9.5,1,11.5],"to":[13,2,12.5],"rotation":{"angle":22.5,"axis":"y","origin":[10.75,1.5,10.5]},"faces":{"north":{"uv":[4.375,5.9375,3.9375,6.0625],"texture":"#0"},"east":{"uv":[4.375,5.9375,4.25,6.0625],"texture":"#0"},"south":{"uv":[4.375,5.9375,3.9375,6.0625],"texture":"#0"},"west":{"uv":[4.375,5.9375,4.25,6.0625],"texture":"#0"},"up":{"uv":[4.125,5.375,4.25,5.8125],"rotation":90,"texture":"#0"},"down":{"uv":[4.125,5.375,4.25,5.8125],"rotation":90,"texture":"#0"}}},{"from":[9,1,10],"to":[13.5,2,11.5],"rotation":{"angle":22.5,"axis":"y","origin":[10.75,1.5,10.5]},"faces":{"north":{"uv":[4.5,6.1875,3.9375,6.3125],"texture":"#0"},"east":{"uv":[4.125,6.0625,3.9375,6.1875],"texture":"#0"},"south":{"uv":[4.5,6.1875,3.9375,6.3125],"texture":"#0"},"west":{"uv":[4.125,6.0625,3.9375,6.1875],"texture":"#0"},"up":{"uv":[4.4375,5.375,4.25,5.9375],"rotation":90,"texture":"#0"},"down":{"uv":[4.4375,5.375,4.25,5.9375],"rotation":90,"texture":"#0"}}},{"from":[9.5,1,8],"to":[13,2,10],"rotation":{"angle":22.5,"axis":"y","origin":[10.75,1.5,10.5]},"faces":{"north":{"uv":[4.375,5.9375,3.9375,6.0625],"texture":"#0"},"east":{"uv":[4.25,5.8125,4,5.9375],"texture":"#0"},"south":{"uv":[4.375,5.9375,3.9375,6.0625],"texture":"#0"},"west":{"uv":[4.25,5.8125,4,5.9375],"texture":"#0"},"up":{"uv":[4.25,5.375,4,5.8125],"rotation":90,"texture":"#0"},"down":{"uv":[4.25,5.375,4,5.8125],"rotation":90,"texture":"#0"}}},{"from":[10.5,2.40552,10.0414],"to":[14,3.40552,11.0414],"rotation":{"angle":-22.5,"axis":"x","origin":[12.25,2.90552,10.5414]},"faces":{"north":{"uv":[4.375,5.9375,3.9375,6.0625],"texture":"#0"},"east":{"uv":[4.375,5.9375,4.25,6.0625],"texture":"#0"},"south":{"uv":[4.375,5.9375,3.9375,6.0625],"texture":"#0"},"west":{"uv":[4.375,5.9375,4.25,6.0625],"texture":"#0"},"up":{"uv":[4.125,5.375,4.25,5.8125],"rotation":90,"texture":"#0"},"down":{"uv":[4.125,5.375,4.25,5.8125],"rotation":90,"texture":"#0"}}},{"from":[10,1.9,9],"to":[14.5,2.9,10.5],"rotation":{"angle":-22.5,"axis":"x","origin":[11.25,1.5,9.5]},"faces":{"north":{"uv":[4.5,6.1875,3.9375,6.3125],"texture":"#0"},"east":{"uv":[4.125,6.0625,3.9375,6.1875],"texture":"#0"},"south":{"uv":[4.5,6.1875,3.9375,6.3125],"texture":"#0"},"west":{"uv":[4.125,6.0625,3.9375,6.1875],"texture":"#0"},"up":{"uv":[4.4375,5.375,4.25,5.9375],"rotation":90,"texture":"#0"},"down":{"uv":[4.4375,5.375,4.25,5.9375],"rotation":90,"texture":"#0"}}},{"from":[10.5,1.9,7],"to":[14,2.9,9],"rotation":{"angle":-22.5,"axis":"x","origin":[11.25,1.5,9.5]},"faces":{"north":{"uv":[4.375,5.9375,3.9375,6.0625],"texture":"#0"},"east":{"uv":[4.25,5.8125,4,5.9375],"texture":"#0"},"south":{"uv":[4.375,5.9375,3.9375,6.0625],"texture":"#0"},"west":{"uv":[4.25,5.8125,4,5.9375],"texture":"#0"},"up":{"uv":[4.25,5.375,4,5.8125],"rotation":90,"texture":"#0"},"down":{"uv":[4.25,5.375,4,5.8125],"rotation":90,"texture":"#0"}}},{"from":[0,1.5,5.1],"to":[2,4.5,5.1],"rotation":{"angle":-45,"axis":"y","origin":[3.075,2.125,6.1]},"faces":{"north":{"uv":[1.5,4.625,1.75,5],"texture":"#0"},"east":{"uv":[2.375,4.75,2.375,5.125],"texture":"#0"},"south":{"uv":[1.75,4.625,1.5,5],"texture":"#0"},"west":{"uv":[2.375,4.75,2.375,5.125],"texture":"#0"},"up":{"uv":[2.375,4.75,2.625,4.75],"texture":"#0"},"down":{"uv":[1.5625,4.6875,1.8125,4.6875],"texture":"#0"}}},{"from":[2,1.5,3.35],"to":[5.5,4.5,6.85],"rotation":{"angle":-45,"axis":"y","origin":[3.075,2.125,6.1]},"faces":{"north":{"uv":[6.75,4.125,7.1875,4.5],"texture":"#0"},"east":{"uv":[6.75,4.125,7.25,4.5],"texture":"#0"},"south":{"uv":[6.75,4.125,7.1875,4.5],"texture":"#0"},"west":{"uv":[6.75,4.125,7.25,4.5],"texture":"#0"},"up":{"uv":[5.8125,6.125,6.25,6.5625],"texture":"#0"},"down":{"uv":[6.25,4.125,6.6875,4.625],"texture":"#0"}}},{"from":[2.5,1,3.6],"to":[5,1.5,6.6],"rotation":{"angle":-45,"axis":"y","origin":[3.075,2.125,6.1]},"faces":{"north":{"uv":[6.375,4.625,6.6875,4.6875],"texture":"#0"},"east":{"uv":[6.375,4.625,6.75,4.6875],"texture":"#0"},"south":{"uv":[6.375,4.625,6.6875,4.6875],"texture":"#0"},"west":{"uv":[6.375,4.625,6.75,4.6875],"texture":"#0"},"up":{"uv":[6.75,4.5,7.0625,4.875],"texture":"#0"},"down":{"uv":[6.75,4.5,7.0625,4.875],"texture":"#0"}}},{"from":[2,0.3,3.5],"to":[7,1,8.5],"rotation":{"angle":0,"axis":"y","origin":[9.5,1.5,10]},"faces":{"north":{"uv":[7,6,7.625,6.0875],"texture":"#0"},"east":{"uv":[7,6,7.625,6.0875],"texture":"#0"},"south":{"uv":[7,6,7.625,6.0875],"texture":"#0"},"west":{"uv":[7,6,7.625,6.0875],"texture":"#0"},"up":{"uv":[7,5.375,7.625,6],"texture":"#0"},"down":{"uv":[7,5.375,7.625,6],"texture":"#0"}}},{"from":[2.5,0,4],"to":[6.5,0.5,8],"rotation":{"angle":0,"axis":"y","origin":[9.5,1.5,10]},"faces":{"north":{"uv":[7,5.3125,7.5,5.375],"texture":"#0"},"east":{"uv":[7,5.3125,7.5,5.375],"texture":"#0"},"south":{"uv":[7,5.3125,7.5,5.375],"texture":"#0"},"west":{"uv":[7,5.3125,7.5,5.375],"texture":"#0"},"up":{"uv":[6.5,4.875,7,5.375],"texture":"#0"},"down":{"uv":[6.5,4.875,7,5.375],"texture":"#0"}}},{"from":[8.5,0,7],"to":[14.5,0.5,13],"rotation":{"angle":0,"axis":"y","origin":[9.5,1.5,10]},"faces":{"north":{"uv":[8.8125,9.1875,9.5625,9.25],"texture":"#0"},"east":{"uv":[8.8125,9.1875,9.5625,9.25],"texture":"#0"},"south":{"uv":[8.8125,9.1875,9.5625,9.25],"texture":"#0"},"west":{"uv":[8.8125,9.1875,9.5625,9.25],"texture":"#0"},"up":{"uv":[8.8125,9.25,9.5625,10],"texture":"#0"},"down":{"uv":[8.8125,9.25,9.5625,10],"texture":"#0"}}},{"from":[8,0.3,6.5],"to":[15,1,13.5],"rotation":{"angle":0,"axis":"y","origin":[9.5,1.5,10]},"faces":{"north":{"uv":[5,8.4375,5.875,8.525],"texture":"#0"},"east":{"uv":[5,8.4375,5.875,8.525],"texture":"#0"},"south":{"uv":[5,8.4375,5.875,8.525],"texture":"#0"},"west":{"uv":[5,8.4375,5.875,8.525],"texture":"#0"},"up":{"uv":[5,8.5625,5.875,9.4375],"texture":"#0"},"down":{"uv":[5,8.5625,5.875,9.4375],"texture":"#0"}}}],"gui_light":"front","display":{"thirdperson_righthand":{"rotation":[67.5,0,0],"translation":[-0.25,2.75,2.5],"scale":[0.38672,0.38672,0.38672]},"thirdperson_lefthand":{"rotation":[67.5,0,0],"translation":[-0.25,2.75,2.5],"scale":[0.38672,0.38672,0.38672]},"firstperson_righthand":{"rotation":[0,45,0],"translation":[1.75,4.75,0],"scale":[0.5582,0.5582,0.5582]},"firstperson_lefthand":{"rotation":[0,-45,0],"translation":[1.75,4.75,0],"scale":[0.5582,0.5582,0.5582]},"ground":{"translation":[0,6,0],"scale":[0.9,0.9,0.9]},"gui":{"rotation":[30,135,0],"translation":[1,6.25,0],"scale":[1.15039,1.15039,1.15039]},"head":{"rotation":[0,180,0],"translation":[0,-30.4,0],"scale":[1.6,1.6,1.6]},"fixed":{"rotation":[-90,0,0],"translation":[0,0,-16],"scale":[2,2,2]}}}