{"credit":"MadewithBlockbench","texture_size":[128,128],"textures":{"0":"elitecreatures:coffee_shop_furniture_v1/coffeeshop_texture_01","particle":"elitecreatures:coffee_shop_furniture_v1/coffeeshop_texture_01"},"elements":[{"from":[-16,14,0],"to":[16,16,16],"rotation":{"angle":0,"axis":"y","origin":[0,0,16]},"faces":{"north":{"uv":[16,2,12,2.25],"texture":"#0"},"east":{"uv":[16,2.25,14,2.5],"texture":"#0"},"south":{"uv":[16,2,12,2.25],"texture":"#0"},"west":{"uv":[16,2.25,14,2.5],"texture":"#0"},"up":{"uv":[12,9.375,16,7.375],"texture":"#0"},"down":{"uv":[12,9.375,16,7.375],"texture":"#0"}}},{"from":[13,0,2],"to":[15,14,3],"rotation":{"angle":0,"axis":"y","origin":[0,0,16]},"faces":{"north":{"uv":[8.625,2,8.375,3.75],"texture":"#0"},"east":{"uv":[8.375,2,8.25,3.75],"texture":"#0"},"south":{"uv":[8.625,2,8.375,3.75],"texture":"#0"},"west":{"uv":[8.375,2,8.25,3.75],"texture":"#0"},"up":{"uv":[8.4375,2,8.6875,1.875],"texture":"#0"},"down":{"uv":[8.4375,2,8.6875,1.875],"texture":"#0"}}},{"from":[-15,0,2],"to":[-13,14,3],"rotation":{"angle":0,"axis":"y","origin":[0,0,16]},"faces":{"north":{"uv":[8.625,2,8.375,3.75],"texture":"#0"},"east":{"uv":[8.375,2,8.25,3.75],"texture":"#0"},"south":{"uv":[8.625,2,8.375,3.75],"texture":"#0"},"west":{"uv":[8.375,2,8.25,3.75],"texture":"#0"},"up":{"uv":[8.4375,2,8.6875,1.875],"texture":"#0"},"down":{"uv":[8.4375,2,8.6875,1.875],"texture":"#0"}}},{"from":[-16,0,3],"to":[16,14,14],"rotation":{"angle":0,"axis":"y","origin":[0,0,16]},"faces":{"north":{"uv":[9.125,12.1875,5.125,13.9375],"texture":"#0"},"east":{"uv":[12,3.875,10.625,5.625],"texture":"#0"},"south":{"uv":[9.125,13.9375,5.125,15.6875],"texture":"#0"},"west":{"uv":[12,3.875,10.625,5.625],"texture":"#0"},"up":{"uv":[12.75,5.125,16,3.875],"texture":"#0"},"down":{"uv":[12.75,5.125,16,3.875],"texture":"#0"}}}],"gui_light":"front","display":{"thirdperson_righthand":{"rotation":[67.5,0,0],"translation":[1.75,1.5,-0.25],"scale":[0.20898,0.20898,0.20898]},"thirdperson_lefthand":{"rotation":[67.5,0,0],"translation":[-1.75,1.5,-0.25],"scale":[0.20898,0.20898,0.20898]},"firstperson_righthand":{"translation":[3.5,2.5,0],"scale":[0.28477,0.28477,0.28477]},"firstperson_lefthand":{"translation":[-0.5,2.5,0],"scale":[0.28477,0.28477,0.28477]},"ground":{"translation":[3.5,6,-0.5],"scale":[0.4,0.4,0.4]},"gui":{"rotation":[30,135,0],"translation":[-2.25,1,0],"scale":[0.39844,0.39844,0.39844]},"head":{"rotation":[0,180,0],"translation":[0,-30.4,0],"scale":[1.6,1.6,1.6]},"fixed":{"rotation":[-90,0,0],"translation":[0,0,-16],"scale":[2,2,2]}}}