{"credit":"MadewithBlockbench","texture_size":[128,128],"textures":{"0":"elitecreatures:coffee_shop_furniture_v1/coffeeshop_texture_01","particle":"elitecreatures:coffee_shop_furniture_v1/coffeeshop_texture_01"},"elements":[{"from":[-13,28,13.5],"to":[29,30.5,16],"rotation":{"angle":0,"axis":"y","origin":[8,17,8]},"faces":{"north":{"uv":[5.125,15.6875,10.375,16],"rotation":180,"texture":"#0"},"east":{"uv":[10.375,15.6875,10.6875,16],"rotation":90,"texture":"#0"},"south":{"uv":[5.125,15.6875,10.375,16],"rotation":180,"texture":"#0"},"west":{"uv":[10.375,15.6875,10.6875,16],"rotation":90,"texture":"#0"},"up":{"uv":[5.125,15.6875,10.375,16],"rotation":180,"texture":"#0"},"down":{"uv":[5.125,15.6875,10.375,16],"rotation":180,"texture":"#0"}}},{"from":[24.5,27.2,14],"to":[26,28.2,15],"rotation":{"angle":0,"axis":"y","origin":[8,17,8]},"faces":{"north":{"uv":[3,2.9375,3.1875,3.0625],"rotation":180,"texture":"#0"},"east":{"uv":[3.1875,3.0625,3.3125,2.9375],"rotation":90,"texture":"#0"},"south":{"uv":[3,2.9375,3.1875,3.0625],"rotation":180,"texture":"#0"},"west":{"uv":[3.1875,2.9375,3.3125,3.0625],"rotation":90,"texture":"#0"},"up":{"uv":[3.3125,2.9375,3.5,3.0625],"rotation":180,"texture":"#0"},"down":{"uv":[3.3125,2.9375,3.5,3.0625],"rotation":180,"texture":"#0"}}},{"from":[20.5,27.2,14],"to":[22,28.2,15],"rotation":{"angle":0,"axis":"y","origin":[8,17,8]},"faces":{"north":{"uv":[3,2.9375,3.1875,3.0625],"rotation":180,"texture":"#0"},"east":{"uv":[3.1875,3.0625,3.3125,2.9375],"rotation":90,"texture":"#0"},"south":{"uv":[3,2.9375,3.1875,3.0625],"rotation":180,"texture":"#0"},"west":{"uv":[3.1875,2.9375,3.3125,3.0625],"rotation":90,"texture":"#0"},"up":{"uv":[3.3125,2.9375,3.5,3.0625],"rotation":180,"texture":"#0"},"down":{"uv":[3.3125,2.9375,3.5,3.0625],"rotation":180,"texture":"#0"}}},{"from":[16.5,27.2,14],"to":[18,28.2,15],"rotation":{"angle":0,"axis":"y","origin":[8,17,8]},"faces":{"north":{"uv":[3,2.9375,3.1875,3.0625],"rotation":180,"texture":"#0"},"east":{"uv":[3.1875,3.0625,3.3125,2.9375],"rotation":90,"texture":"#0"},"south":{"uv":[3,2.9375,3.1875,3.0625],"rotation":180,"texture":"#0"},"west":{"uv":[3.1875,2.9375,3.3125,3.0625],"rotation":90,"texture":"#0"},"up":{"uv":[3.3125,2.9375,3.5,3.0625],"rotation":180,"texture":"#0"},"down":{"uv":[3.3125,2.9375,3.5,3.0625],"rotation":180,"texture":"#0"}}},{"from":[12.5,27.2,14],"to":[14,28.2,15],"rotation":{"angle":0,"axis":"y","origin":[8,17,8]},"faces":{"north":{"uv":[3,2.9375,3.1875,3.0625],"rotation":180,"texture":"#0"},"east":{"uv":[3.1875,3.0625,3.3125,2.9375],"rotation":90,"texture":"#0"},"south":{"uv":[3,2.9375,3.1875,3.0625],"rotation":180,"texture":"#0"},"west":{"uv":[3.1875,2.9375,3.3125,3.0625],"rotation":90,"texture":"#0"},"up":{"uv":[3.3125,2.9375,3.5,3.0625],"rotation":180,"texture":"#0"},"down":{"uv":[3.3125,2.9375,3.5,3.0625],"rotation":180,"texture":"#0"}}},{"from":[-10,27.2,14],"to":[-8.5,28.2,15],"rotation":{"angle":0,"axis":"y","origin":[8,17,8]},"faces":{"north":{"uv":[3.1875,2.9375,3,3.0625],"rotation":180,"texture":"#0"},"east":{"uv":[3.1875,3.0625,3.3125,2.9375],"rotation":90,"texture":"#0"},"south":{"uv":[3.1875,2.9375,3,3.0625],"rotation":180,"texture":"#0"},"west":{"uv":[3.1875,2.9375,3.3125,3.0625],"rotation":90,"texture":"#0"},"up":{"uv":[3.5,2.9375,3.3125,3.0625],"rotation":180,"texture":"#0"},"down":{"uv":[3.5,2.9375,3.3125,3.0625],"rotation":180,"texture":"#0"}}},{"from":[-6,27.2,14],"to":[-4.5,28.2,15],"rotation":{"angle":0,"axis":"y","origin":[8,17,8]},"faces":{"north":{"uv":[3.1875,2.9375,3,3.0625],"rotation":180,"texture":"#0"},"east":{"uv":[3.1875,3.0625,3.3125,2.9375],"rotation":90,"texture":"#0"},"south":{"uv":[3.1875,2.9375,3,3.0625],"rotation":180,"texture":"#0"},"west":{"uv":[3.1875,2.9375,3.3125,3.0625],"rotation":90,"texture":"#0"},"up":{"uv":[3.5,2.9375,3.3125,3.0625],"rotation":180,"texture":"#0"},"down":{"uv":[3.5,2.9375,3.3125,3.0625],"rotation":180,"texture":"#0"}}},{"from":[-2,27.2,14],"to":[-0.5,28.2,15],"rotation":{"angle":0,"axis":"y","origin":[8,17,8]},"faces":{"north":{"uv":[3.1875,2.9375,3,3.0625],"rotation":180,"texture":"#0"},"east":{"uv":[3.1875,3.0625,3.3125,2.9375],"rotation":90,"texture":"#0"},"south":{"uv":[3.1875,2.9375,3,3.0625],"rotation":180,"texture":"#0"},"west":{"uv":[3.1875,2.9375,3.3125,3.0625],"rotation":90,"texture":"#0"},"up":{"uv":[3.5,2.9375,3.3125,3.0625],"rotation":180,"texture":"#0"},"down":{"uv":[3.5,2.9375,3.3125,3.0625],"rotation":180,"texture":"#0"}}},{"from":[2,27.2,14],"to":[3.5,28.2,15],"rotation":{"angle":0,"axis":"y","origin":[8,17,8]},"faces":{"north":{"uv":[3.1875,2.9375,3,3.0625],"rotation":180,"texture":"#0"},"east":{"uv":[3.1875,3.0625,3.3125,2.9375],"rotation":90,"texture":"#0"},"south":{"uv":[3.1875,2.9375,3,3.0625],"rotation":180,"texture":"#0"},"west":{"uv":[3.1875,2.9375,3.3125,3.0625],"rotation":90,"texture":"#0"},"up":{"uv":[3.5,2.9375,3.3125,3.0625],"rotation":180,"texture":"#0"},"down":{"uv":[3.5,2.9375,3.3125,3.0625],"rotation":180,"texture":"#0"}}},{"from":[-12,2,15],"to":[28,28,16],"rotation":{"angle":0,"axis":"y","origin":[13,-0.5,1.9]},"faces":{"north":{"uv":[5,12.75,0,16],"texture":"#0"},"east":{"uv":[5,12.75,5.125,16],"texture":"#0"},"south":{"uv":[5,12.75,0,16],"texture":"#0"},"west":{"uv":[5.125,12.75,5,16],"texture":"#0"},"up":{"uv":[5,12.625,0,12.75],"texture":"#0"},"down":{"uv":[5,12.625,0,12.75],"texture":"#0"}}},{"from":[-7,18,14.7],"to":[10,26,14.7],"faces":{"north":{"uv":[11.5625,14.1875,15.4375,15.9375],"texture":"#0"},"east":{"uv":[10.625,3.875,12,5.625],"texture":"#0"},"south":{"uv":[15.4375,14.1875,11.5625,15.9375],"texture":"#0"},"west":{"uv":[10.625,3.875,12,5.625],"texture":"#0"},"up":{"uv":[12.75,3.875,16,5.125],"texture":"#0"},"down":{"uv":[12.75,3.875,16,5.125],"texture":"#0"}}},{"from":[-7,18,14.5],"to":[10,26,14.5],"faces":{"north":{"uv":[11.5625,14.1875,15.4375,15.9375],"texture":"#0"},"east":{"uv":[10.625,3.875,12,5.625],"texture":"#0"},"south":{"uv":[15.4375,14.1875,11.5625,15.9375],"texture":"#0"},"west":{"uv":[10.625,3.875,12,5.625],"texture":"#0"},"up":{"uv":[12.75,3.875,16,5.125],"texture":"#0"},"down":{"uv":[12.75,3.875,16,5.125],"texture":"#0"}}},{"from":[-12,18,13.9],"to":[-7,28,13.9],"faces":{"north":{"uv":[1.75,5.6875,2.375,6.9375],"texture":"#0"},"east":{"uv":[0,0,0,1.125],"texture":"#missing"},"south":{"uv":[2.375,5.6875,1.75,6.9375],"texture":"#0"},"west":{"uv":[0,0,0,1.125],"texture":"#missing"},"up":{"uv":[0,0,0.375,0],"texture":"#missing"},"down":{"uv":[0,0,0.375,0],"texture":"#missing"}}},{"from":[23,18,13.9],"to":[28,28,13.9],"faces":{"north":{"uv":[2.375,5.6875,3,6.9375],"texture":"#0"},"east":{"uv":[0,0,0,1.125],"texture":"#missing"},"south":{"uv":[3,5.6875,2.375,6.9375],"texture":"#0"},"west":{"uv":[0,0,0,1.125],"texture":"#missing"},"up":{"uv":[0,0,0.375,0],"texture":"#missing"},"down":{"uv":[0,0,0.375,0],"texture":"#missing"}}},{"from":[-7.5,23,13.9],"to":[-2.5,28,13.9],"faces":{"north":{"uv":[2.375,6.3125,3,6.9375],"texture":"#0"},"east":{"uv":[0,0,0,1.125],"texture":"#missing"},"south":{"uv":[3,6.3125,2.375,6.9375],"texture":"#0"},"west":{"uv":[0,0,0,1.125],"texture":"#missing"},"up":{"uv":[0,0,0.375,0],"texture":"#missing"},"down":{"uv":[0,0,0.375,0],"texture":"#missing"}}},{"from":[13.5,23,13.9],"to":[18.5,28,13.9],"faces":{"north":{"uv":[3,6.3125,2.375,6.9375],"texture":"#0"},"east":{"uv":[0,0,0,1.125],"texture":"#missing"},"south":{"uv":[2.375,6.3125,3,6.9375],"texture":"#0"},"west":{"uv":[0,0,0,1.125],"texture":"#missing"},"up":{"uv":[0,0,0.375,0],"texture":"#missing"},"down":{"uv":[0,0,0.375,0],"texture":"#missing"}}},{"from":[-3,21,13.9],"to":[2,30,13.9],"faces":{"north":{"uv":[2.375,5.8125,1.75,6.9375],"texture":"#0"},"east":{"uv":[0,0,0,1.125],"texture":"#missing"},"south":{"uv":[1.75,5.8125,2.375,6.9375],"texture":"#0"},"west":{"uv":[0,0,0,1.125],"texture":"#missing"},"up":{"uv":[0,0,0.375,0],"texture":"#missing"},"down":{"uv":[0,0,0.375,0],"texture":"#missing"}}},{"from":[19,20,13.9],"to":[24,30,13.9],"faces":{"north":{"uv":[2.375,5.6875,1.75,6.9375],"texture":"#0"},"east":{"uv":[0,0,0,1.125],"texture":"#missing"},"south":{"uv":[2.375,5.6875,1.75,6.9375],"texture":"#0"},"west":{"uv":[0,0,0,1.125],"texture":"#missing"},"up":{"uv":[0,0,0.375,0],"texture":"#missing"},"down":{"uv":[0,0,0.375,0],"texture":"#missing"}}}],"gui_light":"front","display":{"thirdperson_righthand":{"rotation":[67.5,0,0],"translation":[0,1,-1.5],"scale":[0.19336,0.19336,0.19336]},"thirdperson_lefthand":{"rotation":[67.5,0,0],"translation":[0,1,-1.5],"scale":[0.19336,0.19336,0.19336]},"firstperson_righthand":{"translation":[1,2,0],"scale":[0.22813,0.22813,0.22813]},"firstperson_lefthand":{"translation":[1,2,0],"scale":[0.22813,0.22813,0.22813]},"ground":{"translation":[0,4.5,-3.75],"scale":[0.4,0.4,0.4]},"gui":{"rotation":[30,135,0],"translation":[-1.75,-3.75,0],"scale":[0.37109,0.37109,0.37109]},"head":{"rotation":[0,180,0],"translation":[0,-30.4,0],"scale":[1.6,1.6,1.6]},"fixed":{"translation":[0,0,-16],"scale":[2,2,2]}}}