{"credit":"MadewithBlockbench","texture_size":[128,128],"textures":{"0":"elitecreatures:coffee_shop_furniture_v1/coffeeshop_texture_01","particle":"elitecreatures:coffee_shop_furniture_v1/coffeeshop_texture_01"},"elements":[{"from":[12.5,-16,15],"to":[15.5,31.8,16],"faces":{"north":{"uv":[15.625,9.375,16,15.375],"texture":"#0"},"east":{"uv":[15.5,9.375,15.625,15.375],"texture":"#0"},"south":{"uv":[15.625,9.375,16,15.375],"texture":"#0"},"west":{"uv":[15.5,9.375,15.625,15.375],"texture":"#0"},"up":{"uv":[9,2.125,9.375,2.25],"texture":"#0"},"down":{"uv":[9,2.125,9.375,2.25],"texture":"#0"}}},{"from":[16.5,-16,15],"to":[19.5,31.8,16],"faces":{"north":{"uv":[15.625,9.375,16,15.375],"texture":"#0"},"east":{"uv":[15.5,9.375,15.625,15.375],"texture":"#0"},"south":{"uv":[15.625,9.375,16,15.375],"texture":"#0"},"west":{"uv":[15.5,9.375,15.625,15.375],"texture":"#0"},"up":{"uv":[9,2.125,9.375,2.25],"texture":"#0"},"down":{"uv":[9,2.125,9.375,2.25],"texture":"#0"}}},{"from":[20.5,-16,15],"to":[23.5,31.8,16],"faces":{"north":{"uv":[15.625,9.375,16,15.375],"texture":"#0"},"east":{"uv":[15.5,9.375,15.625,15.375],"texture":"#0"},"south":{"uv":[15.625,9.375,16,15.375],"texture":"#0"},"west":{"uv":[15.5,9.375,15.625,15.375],"texture":"#0"},"up":{"uv":[9,2.125,9.375,2.25],"texture":"#0"},"down":{"uv":[9,2.125,9.375,2.25],"texture":"#0"}}},{"from":[24.5,-16,15],"to":[27.5,31.8,16],"faces":{"north":{"uv":[15.625,9.375,16,15.375],"texture":"#0"},"east":{"uv":[15.5,9.375,15.625,15.375],"texture":"#0"},"south":{"uv":[15.625,9.375,16,15.375],"texture":"#0"},"west":{"uv":[15.5,9.375,15.625,15.375],"texture":"#0"},"up":{"uv":[9,2.125,9.375,2.25],"texture":"#0"},"down":{"uv":[9,2.125,9.375,2.25],"texture":"#0"}}},{"from":[28.5,-16,15],"to":[31.5,31.8,16],"faces":{"north":{"uv":[15.625,9.375,16,15.375],"texture":"#0"},"east":{"uv":[15.5,9.375,15.625,15.375],"texture":"#0"},"south":{"uv":[15.625,9.375,16,15.375],"texture":"#0"},"west":{"uv":[15.5,9.375,15.625,15.375],"texture":"#0"},"up":{"uv":[9,2.125,9.375,2.25],"texture":"#0"},"down":{"uv":[9,2.125,9.375,2.25],"texture":"#0"}}},{"from":[8.5,-16,15],"to":[11.5,31.8,16],"faces":{"north":{"uv":[15.625,9.375,16,15.375],"texture":"#0"},"east":{"uv":[15.5,9.375,15.625,15.375],"texture":"#0"},"south":{"uv":[15.625,9.375,16,15.375],"texture":"#0"},"west":{"uv":[15.5,9.375,15.625,15.375],"texture":"#0"},"up":{"uv":[9,2.125,9.375,2.25],"texture":"#0"},"down":{"uv":[9,2.125,9.375,2.25],"texture":"#0"}}},{"from":[4.5,-16,15],"to":[7.5,31.8,16],"faces":{"north":{"uv":[15.625,9.375,16,15.375],"texture":"#0"},"east":{"uv":[15.5,9.375,15.625,15.375],"texture":"#0"},"south":{"uv":[15.625,9.375,16,15.375],"texture":"#0"},"west":{"uv":[15.5,9.375,15.625,15.375],"texture":"#0"},"up":{"uv":[9,2.125,9.375,2.25],"texture":"#0"},"down":{"uv":[9,2.125,9.375,2.25],"texture":"#0"}}},{"from":[0.5,-16,15],"to":[3.5,31.8,16],"faces":{"north":{"uv":[15.625,9.375,16,15.375],"texture":"#0"},"east":{"uv":[15.5,9.375,15.625,15.375],"texture":"#0"},"south":{"uv":[15.625,9.375,16,15.375],"texture":"#0"},"west":{"uv":[15.5,9.375,15.625,15.375],"texture":"#0"},"up":{"uv":[9,2.125,9.375,2.25],"texture":"#0"},"down":{"uv":[9,2.125,9.375,2.25],"texture":"#0"}}},{"from":[-3.5,-16,15],"to":[-0.5,31.8,16],"faces":{"north":{"uv":[15.625,9.375,16,15.375],"texture":"#0"},"east":{"uv":[15.5,9.375,15.625,15.375],"texture":"#0"},"south":{"uv":[15.625,9.375,16,15.375],"texture":"#0"},"west":{"uv":[15.5,9.375,15.625,15.375],"texture":"#0"},"up":{"uv":[9,2.125,9.375,2.25],"texture":"#0"},"down":{"uv":[9,2.125,9.375,2.25],"texture":"#0"}}},{"from":[-7.5,-16,15],"to":[-4.5,31.8,16],"faces":{"north":{"uv":[15.625,9.375,16,15.375],"texture":"#0"},"east":{"uv":[15.5,9.375,15.625,15.375],"texture":"#0"},"south":{"uv":[15.625,9.375,16,15.375],"texture":"#0"},"west":{"uv":[15.5,9.375,15.625,15.375],"texture":"#0"},"up":{"uv":[9,2.125,9.375,2.25],"texture":"#0"},"down":{"uv":[9,2.125,9.375,2.25],"texture":"#0"}}},{"from":[-11.5,-16,15],"to":[-8.5,31.8,16],"faces":{"north":{"uv":[15.625,9.375,16,15.375],"texture":"#0"},"east":{"uv":[15.5,9.375,15.625,15.375],"texture":"#0"},"south":{"uv":[15.625,9.375,16,15.375],"texture":"#0"},"west":{"uv":[15.5,9.375,15.625,15.375],"texture":"#0"},"up":{"uv":[9,2.125,9.375,2.25],"texture":"#0"},"down":{"uv":[9,2.125,9.375,2.25],"texture":"#0"}}},{"from":[-15.5,-16,15],"to":[-12.5,31.8,16],"faces":{"north":{"uv":[15.625,9.375,16,15.375],"texture":"#0"},"east":{"uv":[15.5,9.375,15.625,15.375],"texture":"#0"},"south":{"uv":[15.625,9.375,16,15.375],"texture":"#0"},"west":{"uv":[15.5,9.375,15.625,15.375],"texture":"#0"},"up":{"uv":[9,2.125,9.375,2.25],"texture":"#0"},"down":{"uv":[9,2.125,9.375,2.25],"texture":"#0"}}},{"from":[-5,0,14.8],"to":[19,28,14.8],"faces":{"north":{"uv":[12.25,9.4375,15.25,12.9375],"texture":"#0"},"east":{"uv":[10.625,3.875,12,5.625],"texture":"#0"},"south":{"uv":[15.25,9.4375,12.25,12.9375],"texture":"#0"},"west":{"uv":[10.625,3.875,12,5.625],"texture":"#0"},"up":{"uv":[12.75,3.875,16,5.125],"texture":"#0"},"down":{"uv":[12.75,3.875,16,5.125],"texture":"#0"}}},{"from":[-5,0,14.5],"to":[19,28,14.5],"faces":{"north":{"uv":[12.25,9.4375,15.25,12.9375],"texture":"#0"},"east":{"uv":[10.625,3.875,12,5.625],"texture":"#0"},"south":{"uv":[15.25,9.4375,12.25,12.9375],"texture":"#0"},"west":{"uv":[10.625,3.875,12,5.625],"texture":"#0"},"up":{"uv":[12.75,3.875,16,5.125],"texture":"#0"},"down":{"uv":[12.75,3.875,16,5.125],"texture":"#0"}}},{"from":[-6.5,14,14],"to":[23.5,28,14],"faces":{"north":{"uv":[11.6875,14.1875,15.4375,15.9375],"texture":"#0"},"east":{"uv":[10.625,3.875,12,5.625],"texture":"#0"},"south":{"uv":[15.4375,14.1875,11.6875,15.9375],"texture":"#0"},"west":{"uv":[10.625,3.875,12,5.625],"texture":"#0"},"up":{"uv":[12.75,3.875,16,5.125],"texture":"#0"},"down":{"uv":[12.75,3.875,16,5.125],"texture":"#0"}}},{"from":[-6.5,14,14.3],"to":[23.5,28,14.3],"faces":{"north":{"uv":[11.6875,14.1875,15.4375,15.9375],"texture":"#0"},"east":{"uv":[10.625,3.875,12,5.625],"texture":"#0"},"south":{"uv":[15.4375,14.1875,11.6875,15.9375],"texture":"#0"},"west":{"uv":[10.625,3.875,12,5.625],"texture":"#0"},"up":{"uv":[12.75,3.875,16,5.125],"texture":"#0"},"down":{"uv":[12.75,3.875,16,5.125],"texture":"#0"}}},{"from":[-16,19.5,14.9],"to":[-11,29.5,14.9],"faces":{"north":{"uv":[1.75,5.6875,2.375,6.9375],"texture":"#0"},"east":{"uv":[0,0,0,1.125],"texture":"#missing"},"south":{"uv":[2.375,5.6875,1.75,6.9375],"texture":"#0"},"west":{"uv":[0,0,0,1.125],"texture":"#missing"},"up":{"uv":[0,0,0.375,0],"texture":"#missing"},"down":{"uv":[0,0,0.375,0],"texture":"#missing"}}},{"from":[22,19.5,14.9],"to":[27,29.5,14.9],"faces":{"north":{"uv":[1.75,5.6875,2.375,6.9375],"texture":"#0"},"east":{"uv":[0,0,0,1.125],"texture":"#missing"},"south":{"uv":[2.375,5.6875,1.75,6.9375],"texture":"#0"},"west":{"uv":[0,0,0,1.125],"texture":"#missing"},"up":{"uv":[0,0,0.375,0],"texture":"#missing"},"down":{"uv":[0,0,0.375,0],"texture":"#missing"}}},{"from":[27,19.5,14.9],"to":[32,29.5,14.9],"faces":{"north":{"uv":[2.375,5.6875,3,6.9375],"texture":"#0"},"east":{"uv":[0,0,0,1.125],"texture":"#missing"},"south":{"uv":[3,5.6875,2.375,6.9375],"texture":"#0"},"west":{"uv":[0,0,0,1.125],"texture":"#missing"},"up":{"uv":[0,0,0.375,0],"texture":"#missing"},"down":{"uv":[0,0,0.375,0],"texture":"#missing"}}},{"from":[17,21.5,14.9],"to":[22,31.5,14.9],"faces":{"north":{"uv":[2.375,5.6875,3,6.9375],"texture":"#0"},"east":{"uv":[0,0,0,1.125],"texture":"#missing"},"south":{"uv":[3,5.6875,2.375,6.9375],"texture":"#0"},"west":{"uv":[0,0,0,1.125],"texture":"#missing"},"up":{"uv":[0,0,0.375,0],"texture":"#missing"},"down":{"uv":[0,0,0.375,0],"texture":"#missing"}}},{"from":[6,21.5,14.9],"to":[11,31.5,14.9],"faces":{"north":{"uv":[2.375,5.6875,3,6.9375],"texture":"#0"},"east":{"uv":[0,0,0,1.125],"texture":"#missing"},"south":{"uv":[3,5.6875,2.375,6.9375],"texture":"#0"},"west":{"uv":[0,0,0,1.125],"texture":"#missing"},"up":{"uv":[0,0,0.375,0],"texture":"#missing"},"down":{"uv":[0,0,0.375,0],"texture":"#missing"}}},{"from":[11,19.5,14.9],"to":[16,29.5,14.9],"faces":{"north":{"uv":[1.75,5.6875,2.375,6.9375],"texture":"#0"},"east":{"uv":[0,0,0,1.125],"texture":"#missing"},"south":{"uv":[2.375,5.6875,1.75,6.9375],"texture":"#0"},"west":{"uv":[0,0,0,1.125],"texture":"#missing"},"up":{"uv":[0,0,0.375,0],"texture":"#missing"},"down":{"uv":[0,0,0.375,0],"texture":"#missing"}}},{"from":[1,20.5,14.9],"to":[6,30.5,14.9],"faces":{"north":{"uv":[1.75,5.6875,2.375,6.9375],"texture":"#0"},"east":{"uv":[0,0,0,1.125],"texture":"#missing"},"south":{"uv":[2.375,5.6875,1.75,6.9375],"texture":"#0"},"west":{"uv":[0,0,0,1.125],"texture":"#missing"},"up":{"uv":[0,0,0.375,0],"texture":"#missing"},"down":{"uv":[0,0,0.375,0],"texture":"#missing"}}},{"from":[-10,19.5,14.9],"to":[-5,29.5,14.9],"faces":{"north":{"uv":[2.375,5.6875,3,6.9375],"texture":"#0"},"east":{"uv":[0,0,0,1.125],"texture":"#missing"},"south":{"uv":[3,5.6875,2.375,6.9375],"texture":"#0"},"west":{"uv":[0,0,0,1.125],"texture":"#missing"},"up":{"uv":[0,0,0.375,0],"texture":"#missing"},"down":{"uv":[0,0,0.375,0],"texture":"#missing"}}},{"from":[-5,21.5,14.9],"to":[0,31.5,14.9],"faces":{"north":{"uv":[2.375,5.6875,3,6.9375],"texture":"#0"},"east":{"uv":[0,0,0,1.125],"texture":"#missing"},"south":{"uv":[3,5.6875,2.375,6.9375],"texture":"#0"},"west":{"uv":[0,0,0,1.125],"texture":"#missing"},"up":{"uv":[0,0,0.375,0],"texture":"#missing"},"down":{"uv":[0,0,0.375,0],"texture":"#missing"}}},{"from":[8,29.5,13.6],"to":[32,32,16.1],"rotation":{"angle":0,"axis":"y","origin":[8,17,8]},"faces":{"north":{"uv":[8.125,15.6875,5.125,16],"rotation":180,"texture":"#0"},"east":{"uv":[10.375,15.6875,10.6875,16],"rotation":90,"texture":"#0"},"south":{"uv":[5.125,15.6875,8.125,16],"rotation":180,"texture":"#0"},"west":{"uv":[10.375,15.6875,10.6875,16],"rotation":90,"texture":"#0"},"up":{"uv":[5.125,15.6875,8.125,16],"rotation":180,"texture":"#0"},"down":{"uv":[5.125,15.6875,8.125,16],"rotation":180,"texture":"#0"}}},{"from":[-16,29.5,13.6],"to":[8,32,16.1],"rotation":{"angle":0,"axis":"y","origin":[8,17,8]},"faces":{"north":{"uv":[5.125,15.6875,8.125,16],"rotation":180,"texture":"#0"},"east":{"uv":[10.375,16,10.6875,15.6875],"rotation":90,"texture":"#0"},"south":{"uv":[8.125,15.6875,5.125,16],"rotation":180,"texture":"#0"},"west":{"uv":[10.375,16,10.6875,15.6875],"rotation":90,"texture":"#0"},"up":{"uv":[8.125,15.6875,5.125,16],"rotation":180,"texture":"#0"},"down":{"uv":[8.125,15.6875,5.125,16],"rotation":180,"texture":"#0"}}}],"gui_light":"front","display":{"thirdperson_righthand":{"rotation":[67.5,0,0],"translation":[0,1.5,0.25],"scale":[0.1582,0.1582,0.1582]},"thirdperson_lefthand":{"rotation":[67.5,0,0],"translation":[0,1.5,0.25],"scale":[0.1582,0.1582,0.1582]},"firstperson_righthand":{"translation":[0,3.25,0],"scale":[0.19297,0.19297,0.19297]},"firstperson_lefthand":{"translation":[0,3.25,0],"scale":[0.19297,0.19297,0.19297]},"ground":{"translation":[0,9.5,-2.25],"scale":[0.25,0.25,0.25]},"gui":{"rotation":[30,135,0],"translation":[-1.5,-0.75,0],"scale":[0.25586,0.25586,0.25586]},"head":{"rotation":[0,180,0],"translation":[0,-30.4,0],"scale":[1.6,1.6,1.6]},"fixed":{"translation":[0,0,-16],"scale":[2,2,2]}}}