{"credit":"MadewithBlockbench","texture_size":[64,64],"textures":{"0":"elitecreatures:fashion_store_furniture_v1/f_mannequin","particle":"elitecreatures:fashion_store_furniture_v1/f_mannequin"},"elements":[{"name":"head","from":[4,9.5,4],"to":[12,17.5,12],"faces":{"north":{"uv":[4.5,5,6.5,7],"texture":"#0"},"east":{"uv":[4.5,3,6.5,5],"texture":"#0"},"south":{"uv":[4.5,3,6.5,5],"texture":"#0"},"west":{"uv":[4.5,3,6.5,5],"texture":"#0"},"up":{"uv":[6.5,5,4.5,3],"texture":"#0"},"down":{"uv":[6.5,3,4.5,5],"texture":"#0"}}},{"name":"body","from":[4,-2.5,6],"to":[12,9.5,10],"rotation":{"angle":-22.5,"axis":"y","origin":[8,-2.5,8]},"faces":{"north":{"uv":[3.5,0,5.5,3],"texture":"#0"},"east":{"uv":[7.5,0,8.5,3],"texture":"#0"},"south":{"uv":[5.5,0,7.5,3],"texture":"#0"},"west":{"uv":[7.5,0,8.5,3],"texture":"#0"},"up":{"uv":[8.5,4,6.5,3],"texture":"#0"},"down":{"uv":[8.5,4,6.5,5],"texture":"#0"}}},{"name":"right_arm","from":[12,-2.5,6],"to":[15,9.5,10],"rotation":{"angle":22.5,"axis":"z","origin":[13.5,9.5,8]},"faces":{"north":{"uv":[3,3.75,3.75,6.75],"texture":"#0"},"east":{"uv":[2,3.75,3,6.75],"texture":"#0"},"south":{"uv":[3,3.75,3.75,6.75],"texture":"#0"},"west":{"uv":[2,3.75,3,6.75],"texture":"#0"},"up":{"uv":[4.5,4.75,3.75,3.75],"texture":"#0"},"down":{"uv":[4.5,4.75,3.75,5.75],"texture":"#0"}}},{"name":"left_arm","from":[1,-2.5,6],"to":[4,9.5,10],"rotation":{"angle":-22.5,"axis":"z","origin":[2.5,9.5,8]},"faces":{"north":{"uv":[3,3.75,3.75,6.75],"texture":"#0"},"east":{"uv":[2,3.75,3,6.75],"texture":"#0"},"south":{"uv":[3,3.75,3.75,6.75],"texture":"#0"},"west":{"uv":[2,3.75,3,6.75],"texture":"#0"},"up":{"uv":[4.5,4.75,3.75,3.75],"texture":"#0"},"down":{"uv":[4.5,4.75,3.75,5.75],"texture":"#0"}}},{"from":[1,-16,1],"to":[15,-15,15],"rotation":{"angle":0,"axis":"y","origin":[7,0,7]},"faces":{"north":{"uv":[0,3.5,3.5,3.75],"texture":"#0"},"east":{"uv":[0,3.5,3.5,3.75],"texture":"#0"},"south":{"uv":[0,3.5,3.5,3.75],"texture":"#0"},"west":{"uv":[0,3.5,3.5,3.75],"texture":"#0"},"up":{"uv":[3.5,3.5,0,0],"texture":"#0"},"down":{"uv":[3.5,0,0,3.5],"texture":"#0"}}},{"name":"right_leg","from":[4.15224,-14.5,5.23463],"to":[8.15224,-2.5,9.23463],"rotation":{"angle":0,"axis":"y","origin":[6.15224,-2.5,7.23463]},"faces":{"north":{"uv":[0,3.75,1,6.75],"texture":"#0"},"east":{"uv":[0,3.75,1,6.75],"texture":"#0"},"south":{"uv":[0,3.75,1,6.75],"texture":"#0"},"west":{"uv":[0,3.75,1,6.75],"texture":"#0"},"up":{"uv":[2,4.75,1,3.75],"texture":"#0"},"down":{"uv":[2,4.75,1,5.75],"texture":"#0"}}},{"name":"left_leg","from":[7.84776,-14.5,6.76537],"to":[11.84776,-2.5,10.76537],"rotation":{"angle":-45,"axis":"y","origin":[9.84776,-8.5,8.76537]},"faces":{"north":{"uv":[0,3.75,1,6.75],"texture":"#0"},"east":{"uv":[0,3.75,1,6.75],"texture":"#0"},"south":{"uv":[0,3.75,1,6.75],"texture":"#0"},"west":{"uv":[0,3.75,1,6.75],"texture":"#0"},"up":{"uv":[2,4.75,1,3.75],"texture":"#0"},"down":{"uv":[2,4.75,1,5.75],"texture":"#0"}}}],"gui_light":"front","display":{"thirdperson_righthand":{"rotation":[67.5,0,0],"translation":[0,1.5,2.25],"scale":[0.22461,0.22461,0.22461]},"thirdperson_lefthand":{"rotation":[67.5,0,0],"translation":[0,1.5,2.25],"scale":[0.22461,0.22461,0.22461]},"firstperson_righthand":{"translation":[1.75,8.75,0.25],"scale":[0.38438,0.38438,0.38438]},"firstperson_lefthand":{"translation":[1.75,8.75,0.25],"scale":[0.38438,0.38438,0.38438]},"ground":{"translation":[0,9,0],"scale":[0.4,0.4,0.4]},"gui":{"rotation":[30,225,0],"translation":[0.25,3,0],"scale":[0.41602,0.41602,0.41602]},"head":{"rotation":[0,-180,0],"translation":[0,-4.78,0],"scale":[1.6,1.6,1.6]},"fixed":{"rotation":[-90,0,0],"translation":[0,0,-48],"scale":[2,2,2]}}}