{"credit":"MadewithBlockbench","texture_size":[64,64],"textures":{"0":"elitecreatures:fashion_store_furniture_v1/f_mannequin","particle":"elitecreatures:fashion_store_furniture_v1/f_mannequin"},"elements":[{"name":"head","from":[4.76537,9.65851,4.61732],"to":[12.76537,17.65851,12.61732],"rotation":{"angle":22.5,"axis":"y","origin":[8.76537,13.65851,8.61732]},"faces":{"north":{"uv":[4.5,5,6.5,7],"texture":"#0"},"east":{"uv":[4.5,10,6.5,12],"texture":"#0"},"south":{"uv":[4.5,10,6.5,12],"texture":"#0"},"west":{"uv":[4.5,10,6.5,12],"texture":"#0"},"up":{"uv":[6.5,12,4.5,10],"texture":"#0"},"down":{"uv":[6.5,10,4.5,12],"texture":"#0"}}},{"name":"body","from":[4,-2.5,5],"to":[12,9.5,9],"rotation":{"angle":22.5,"axis":"x","origin":[8,3.5,7]},"faces":{"north":{"uv":[3.5,7,5.5,10],"texture":"#0"},"east":{"uv":[7.5,7,8.5,10],"texture":"#0"},"south":{"uv":[5.5,7,7.5,10],"texture":"#0"},"west":{"uv":[7.5,7,8.5,10],"texture":"#0"},"up":{"uv":[8.5,11,6.5,10],"texture":"#0"},"down":{"uv":[8.5,11,6.5,12],"texture":"#0"}}},{"name":"right_arm","from":[11.58134,-2.5,7.10476],"to":[14.58134,9.5,11.10476],"rotation":{"angle":22.5,"axis":"z","origin":[13.08134,9.5,9.10476]},"faces":{"north":{"uv":[3,10.75,3.75,13.75],"texture":"#0"},"east":{"uv":[2,10.75,3,13.75],"texture":"#0"},"south":{"uv":[3,10.75,3.75,13.75],"texture":"#0"},"west":{"uv":[2,10.75,3,13.75],"texture":"#0"},"up":{"uv":[4.5,11.75,3.75,10.75],"texture":"#0"},"down":{"uv":[4.5,11.75,3.75,12.75],"texture":"#0"}}},{"name":"left_arm","from":[1.41866,-2.5,5.89524],"to":[4.41866,9.5,9.89524],"rotation":{"angle":-22.5,"axis":"z","origin":[2.91866,9.5,7.89524]},"faces":{"north":{"uv":[3,10.75,3.75,13.75],"texture":"#0"},"east":{"uv":[2,10.75,3,13.75],"texture":"#0"},"south":{"uv":[3,10.75,3.75,13.75],"texture":"#0"},"west":{"uv":[2,10.75,3,13.75],"texture":"#0"},"up":{"uv":[4.5,11.75,3.75,10.75],"texture":"#0"},"down":{"uv":[4.5,11.75,3.75,12.75],"texture":"#0"}}},{"from":[1,-16,1],"to":[15,-15,15],"rotation":{"angle":0,"axis":"y","origin":[7,0,7]},"faces":{"north":{"uv":[0,10.5,3.5,10.75],"texture":"#0"},"east":{"uv":[0,10.5,3.5,10.75],"texture":"#0"},"south":{"uv":[0,10.5,3.5,10.75],"texture":"#0"},"west":{"uv":[0,10.5,3.5,10.75],"texture":"#0"},"up":{"uv":[3.5,10.5,0,7],"texture":"#0"},"down":{"uv":[3.5,7,0,10.5],"texture":"#0"}}},{"name":"right_leg","from":[2.69344,-14.5,4.4588],"to":[6.69344,-2.5,8.4588],"rotation":{"angle":22.5,"axis":"y","origin":[4.69344,-2.5,6.4588]},"faces":{"north":{"uv":[0,10.75,1,13.75],"texture":"#0"},"east":{"uv":[0,10.75,1,13.75],"texture":"#0"},"south":{"uv":[0,10.75,1,13.75],"texture":"#0"},"west":{"uv":[0,10.75,1,13.75],"texture":"#0"},"up":{"uv":[2,11.75,1,10.75],"texture":"#0"},"down":{"uv":[2,11.75,1,12.75],"texture":"#0"}}},{"name":"left_leg","from":[8,-14.1194,6.91342],"to":[12,-2.1194,10.91342],"rotation":{"angle":-22.5,"axis":"x","origin":[10,-8.1194,8.91342]},"faces":{"north":{"uv":[0,10.75,1,13.75],"texture":"#0"},"east":{"uv":[0,10.75,1,13.75],"texture":"#0"},"south":{"uv":[0,10.75,1,13.75],"texture":"#0"},"west":{"uv":[0,10.75,1,13.75],"texture":"#0"},"up":{"uv":[2,11.75,1,10.75],"texture":"#0"},"down":{"uv":[2,11.75,1,12.75],"texture":"#0"}}}],"gui_light":"front","display":{"thirdperson_righthand":{"rotation":[67.5,0,0],"translation":[0,1.5,2.25],"scale":[0.22461,0.22461,0.22461]},"thirdperson_lefthand":{"rotation":[67.5,0,0],"translation":[0,1.5,2.25],"scale":[0.22461,0.22461,0.22461]},"firstperson_righthand":{"translation":[1.75,8.75,0.25],"scale":[0.38438,0.38438,0.38438]},"firstperson_lefthand":{"translation":[1.75,8.75,0.25],"scale":[0.38438,0.38438,0.38438]},"ground":{"translation":[0,9,0],"scale":[0.4,0.4,0.4]},"gui":{"rotation":[30,225,0],"translation":[0.25,3,0],"scale":[0.41602,0.41602,0.41602]},"head":{"rotation":[0,-180,0],"translation":[0,-4.78,0],"scale":[1.6,1.6,1.6]},"fixed":{"rotation":[-90,0,0],"translation":[0,0,-48],"scale":[2,2,2]}}}