{"credit":"MadewithBlockbench","texture_size":[128,128],"textures":{"0":"elitecreatures:fashion_store_furniture_v1/shelf_1","1":"elitecreatures:fashion_store_furniture_v1/fashion_store_color","particle":"elitecreatures:fashion_store_furniture_v1/shelf_1"},"elements":[{"from":[0,0,5],"to":[16,3,15],"rotation":{"angle":0,"axis":"y","origin":[7,0,7]},"faces":{"north":{"uv":[0,6.75,4,7.5],"texture":"#0"},"east":{"uv":[0,7.5,2.5,8.25],"texture":"#0"},"south":{"uv":[0,6.75,4,7.5],"texture":"#0"},"west":{"uv":[2.5,7.5,0,8.25],"texture":"#0"},"down":{"uv":[4,4.25,0,6.75],"texture":"#0"}}},{"from":[0,0,15],"to":[16,16,16],"rotation":{"angle":0,"axis":"y","origin":[7,0,7]},"faces":{"north":{"uv":[0,0,4,4],"texture":"#0"},"east":{"uv":[4,0,4.25,4],"texture":"#0"},"south":{"uv":[0,0,4,4],"texture":"#0"},"west":{"uv":[4.25,0,4,4],"texture":"#0"},"up":{"uv":[4,4.25,0,4],"texture":"#0"},"down":{"uv":[4,4,0,4.25],"texture":"#0"}}},{"from":[0,15,4],"to":[16,16,15],"rotation":{"angle":0,"axis":"y","origin":[7,0,7]},"faces":{"north":{"uv":[4.25,2.75,8.25,3],"texture":"#0"},"east":{"uv":[4.25,3,7,3.25],"texture":"#0"},"west":{"uv":[7,3,4.25,3.25],"texture":"#0"},"up":{"uv":[8.25,2.75,4.25,0],"texture":"#0"},"down":{"uv":[8.25,0,4.25,2.75],"texture":"#0"}}},{"from":[0,9,4],"to":[16,10,15],"rotation":{"angle":0,"axis":"y","origin":[7,0,7]},"faces":{"north":{"uv":[4.25,2.75,8.25,3],"texture":"#0"},"east":{"uv":[4.25,3,7,3.25],"texture":"#0"},"west":{"uv":[7,3,4.25,3.25],"texture":"#0"},"up":{"uv":[8.25,2.75,4.25,0],"texture":"#0"},"down":{"uv":[8.25,0,4.25,2.75],"texture":"#0"}}},{"from":[0,3,4],"to":[16,4,15],"rotation":{"angle":0,"axis":"y","origin":[7,0,7]},"faces":{"north":{"uv":[4.25,2.75,8.25,3],"texture":"#0"},"east":{"uv":[4.25,3,7,3.25],"texture":"#0"},"west":{"uv":[7,3,4.25,3.25],"texture":"#0"},"up":{"uv":[8.25,2.75,4.25,0],"texture":"#0"},"down":{"uv":[8.25,0,4.25,2.75],"texture":"#0"}}},{"from":[3,16,5],"to":[13,20.5,13],"rotation":{"angle":0,"axis":"y","origin":[7,0,7]},"faces":{"north":{"uv":[6.5,3.5625,7.75,4.125],"texture":"#1"},"east":{"uv":[6.5,4.125,7.5,4.6875],"texture":"#1"},"south":{"uv":[6.5,3.5625,7.75,4.125],"texture":"#1"},"west":{"uv":[6.5,4.125,7.5,4.6875],"texture":"#1"},"up":{"uv":[7.75,3.5625,6.5,2.5625],"texture":"#1"}}},{"from":[3,10,5],"to":[13,14.5,13],"rotation":{"angle":0,"axis":"y","origin":[7,0,7]},"faces":{"north":{"uv":[6.5,3.5625,7.75,4.125],"texture":"#1"},"east":{"uv":[6.5,4.125,7.5,4.6875],"texture":"#1"},"south":{"uv":[6.5,3.5625,7.75,4.125],"texture":"#1"},"west":{"uv":[6.5,4.125,7.5,4.6875],"texture":"#1"},"up":{"uv":[7.75,3.5625,6.5,2.5625],"texture":"#1"}}},{"from":[3,4,5],"to":[13,8.5,13],"rotation":{"angle":0,"axis":"y","origin":[7,0,7]},"faces":{"north":{"uv":[6.5,3.5625,7.75,4.125],"texture":"#1"},"east":{"uv":[6.5,4.125,7.5,4.6875],"texture":"#1"},"south":{"uv":[6.5,3.5625,7.75,4.125],"texture":"#1"},"west":{"uv":[6.5,4.125,7.5,4.6875],"texture":"#1"},"up":{"uv":[7.75,3.5625,6.5,2.5625],"texture":"#1"}}}],"gui_light":"front","display":{"thirdperson_righthand":{"rotation":[67.5,0,0],"translation":[0,2,0],"scale":[0.25,0.25,0.25]},"thirdperson_lefthand":{"rotation":[67.5,0,0],"translation":[0,2,0],"scale":[0.25,0.25,0.25]},"firstperson_righthand":{"translation":[0,4.25,0.25],"scale":[0.43125,0.43125,0.43125]},"firstperson_lefthand":{"translation":[0,4.25,0.25],"scale":[0.43125,0.43125,0.43125]},"ground":{"translation":[0,7,-1],"scale":[0.50195,0.50195,0.50195]},"gui":{"rotation":[30,225,0],"translation":[1,-1.25,0],"scale":[0.60547,0.60547,0.60547]},"head":{"rotation":[0,-180,0],"translation":[0,-30.4,0],"scale":[1.6,1.6,1.6]},"fixed":{"rotation":[-90,0,0],"translation":[0,0,-16],"scale":[2,2,2]}}}